Region,Snake,Category,latitude,longitude
Alabama,Carolina Pygmy Rattlesnake,Venomous  ,34.8491,-86.5222
Alabama,Dusky Pygmy Rattlesnake,Venomous  ,31.3006,-86.3975
Alabama,Eastern Cottonmouth,Venomous  ,31.9111,-87.7419
Alabama,Eastern Coral Snake,Venomous  ,33.8789,-86.8241
Alabama,Eastern Diamondback Rattlesnake,Venomous  ,32.9791,-86.0358
Alabama,Florida Cottonmouth,Venomous  ,34.6718,-87.4063
Alabama,Northern Copperhead,Venomous  ,33.9446,-85.9319
Alabama,Southern Copperhead,Venomous  ,33.3891,-86.0361
Alabama,Timber Rattlesnake,Venomous  ,31.1858,-85.2359
Alabama,Western Cottonmouth,Venomous  ,33.9443,-87.8704
Alabama,Western Pygmy Rattlesnake,Venomous  ,33.5966,-85.869
Alabama,Gulf salt marsh snake,Non Venomous,33.544,-86.6599
Alabama,Mississippi green water snake,Non Venomous,31.2041,-85.3062
Alabama,Northern ringneck snake,Non Venomous,32.6314,-86.3268
Alabama,Eastern worm snake,Non Venomous,33.0567,-85.9312
Alabama,Midwestern worm snake,Non Venomous,33.6713,-85.8136
Alabama,Northern scarlet snake,Non Venomous,30.2758,-87.7014
Alabama,Northern black racer,Non Venomous,33.2302,-87.4827
Alabama,Southern black racer,Non Venomous,33.3129,-85.7508
Alabama,Redbelly water snake,Non Venomous,32.8895,-86.215
Alabama,Yellowbelly water snake,Non Venomous,33.7503,-87.0483
Alabama,Northern brown snake,Non Venomous,31.2999,-85.4502
Alabama,Marsh brown snake,Non Venomous,32.6049,-85.5948
Alabama,Midland Brown Snake,Non Venomous,33.322,-87.904
Alabama,Northern redbelly snake,Non Venomous,34.6438,-86.0491
Alabama,Southeastern crown snake,Non Venomous,33.0725,-86.2658
Alabama,Eastern ribbon snake,Non Venomous,31.781,-85.5583
Alabama,Common garter snake,Non Venomous,32.5982,-88.1891
Alabama,Smooth earth snake,Non Venomous,34.6407,-87.1838
Alabama,Western earth snake,Non Venomous,31.1436,-85.0925
Alabama,Eastern earth snake,Non Venomous,33.9873,-87.4876
Alabama,Broad-banded water snake,Non Venomous,33.1746,-87.2314
Alabama,Southern banded water snake,Non Venomous,31.7033,-87.7759
Alabama,Florida banded water snake,Non Venomous,34.5189,-86.2492
Alabama,Florida green water snake,Non Venomous,31.0128,-86.3505
Alabama,Diamondback water snake,Non Venomous,31.3001,-87.027
Alabama,Midland water snake,Non Venomous,30.2525,-88.1438
Alabama,Brown water snake,Non Venomous,33.2846,-86.8756
Alabama,Rough green snake,Non Venomous,33.0813,-86.8799
Alabama,Corn snake,Non Venomous,31.3074,-87.4992
Alabama,Black rat snake,Non Venomous,32.4166,-87.0336
Alabama,Black pine snake,Non Venomous,30.4122,-87.432
Alabama,Northern pine snake,Non Venomous,31.7666,-88.0861
Alabama,Florida pine snake,Non Venomous,33.4674,-87.0392
Alabama,Gulf crayfish snake,Non Venomous,30.8903,-88.01
Alabama,Queen snake,Non Venomous,33.6404,-86.5818
Alabama,Pine woods snake,Non Venomous,34.0641,-86.2864
Alabama,North Florida swamp snake,Non Venomous,34.7559,-87.7007
Alabama,Southern ringneck snake,Non Venomous,33.2196,-86.882
Alabama,Mississippi ringneck snake,Non Venomous,33.1932,-86.6115
Alabama,Eastern indigo snake,Non Venomous,33.6521,-87.0569
Alabama,Gray rat snake,Non Venomous,34.3674,-86.2635
Alabama,Western mud snake,Non Venomous,32.3784,-87.0074
Alabama,Rainbow snake,Non Venomous,34.5374,-86.0899
Alabama,Eastern hognose snake,Non Venomous,34.719,-85.965
Alabama,Southern hognose snake,Non Venomous,31.0437,-85.8764
Alabama,Prairie kingsnake,Non Venomous,31.3149,-85.455
Alabama,Mole kingsnake,Non Venomous,33.125,-86.7451
Alabama,Scarlet kingsnake,Non Venomous,31.3501,-85.3523
Alabama,Eastern kingsnake,Non Venomous,32.8746,-86.1159
Alabama,Speckled kingsnake,Non Venomous,30.7257,-87.8601
Alabama,Black kingsnake,Non Venomous,31.3276,-85.8459
Alabama,Eastern milk snake,Non Venomous,34.5816,-85.9849
Alabama,Red milk snake,Non Venomous,32.4754,-86.1375
Alabama,Eastern coachwhip,Non Venomous,33.1254,-86.8482
Arizona,Arizona Long-nosed Snake,Non Venomous,34.3199,-111.3051
Arizona,Arizona Milk Snake,Non Venomous,36.9221,-109.0753
Arizona,Arizona mountain kingsnake,Non Venomous,35.4227,-113.6486
Arizona,Arizona Patch-nosed Snake,Non Venomous,33.3858,-112.3236
Arizona,Banded Leafnose Snake,Non Venomous,33.8461,-109.1432
Arizona,Black-necked Garter Snake,Non Venomous,31.6858,-109.6896
Arizona,Blind snake,Non Venomous,33.9965,-109.9593
Arizona,Checkered Garter Snake,Non Venomous,36.592,-111.1071
Arizona,Coachwhip snake (Red Racer),Non Venomous,33.1427,-111.7853
Arizona,Common Kingsnake,Non Venomous,31.8992,-110.2251
Arizona,Desert Kingsnake,Non Venomous,35.2171,-112.4913
Arizona,Glossy Snake,Non Venomous,33.9921,-114.4046
Arizona,Ground Snake,Non Venomous,32.6452,-114.7067
Arizona,Desert Rosy Boa Snake,Non Venomous,34.4141,-110.5696
Arizona,Saddled Leafnose Snake,Non Venomous,32.0596,-111.2865
Arizona,Sonoran Gopher Snake,Non Venomous,35.3256,-112.8573
Arizona,Western Hognose Snake,Non Venomous,33.1416,-111.981
Arizona,Arizona coral snake,Venomous,35.7534,-109.6248
Arizona,Banded Burrowing Snake,Venomous,36.125,-111.2467
Arizona,Sidewinder Rattlesnake,Venomous,33.6618,-111.1295
Arizona,Grand Canyon Rattlesnake,Venomous,35.0252,-110.7098
Arizona,Arizona Black Rattlesnake,Venomous,34.5714,-114.3926
Arizona,Great Basin Rattlesnake,Venomous,33.6872,-111.8651
Arizona,Tiger Rattlesnake,Venomous,33.4017,-111.7181
Arizona,Hopi Rattlesnake,Venomous,34.0053,-109.4611
Arizona,Lyre snake,Venomous,34.321,-111.0838
Arizona,Mojave Rattlesnake,Venomous,33.4484,-112.2561
Arizona,Night Snake,Venomous,33.0404,-112.0006
Arizona,Northern Blacktail Rattlesnake,Venomous,33.7826,-110.0328
Arizona,Prairie Rattlesnake,Venomous,31.941,-111.7765
Arizona,Arizona ridge-nosed rattlesnake,Venomous,34.0709,-112.122
Arizona,Southwestern Blackhead Snake,Venomous,35.3401,-113.7256
Arizona,Speckled Rattlesnake,Venomous,35.2645,-114.0091
Arizona,Western Coral snake,Venomous,32.3923,-112.8839
Arizona,Western Diamondback Rattlesnake,Venomous,33.68,-112.4524
Arizona,Western Shovel-nosed Snake,Venomous,33.6693,-112.3575
Arizona,Brown vine snake,Venomous,35.5904,-114.2852
Arizona,Tropical Vine Snake,Venomous,32.4355,-111.1558
Arkansas,Northern Scarlet Snake,Non Venomous,36.4365,-90.3907
Arkansas,Eastern Racer,Non Venomous,34.7926,-92.1959
Arkansas,Prairie Kingsnake,Non Venomous,35.2899,-93.7236
Arkansas,Speckled Kingsnake,Non Venomous,35.2267,-90.3241
Arkansas,Milk Snake,Non Venomous,36.4291,-94.3713
Arkansas,Eastern Coachwhip,Non Venomous,35.8592,-90.026
Arkansas,Rough Green Snake,Non Venomous,36.4128,-92.9068
Arkansas,Western Rat Snake,Non Venomous,36.1642,-94.2457
Arkansas,Corn Snake,Non Venomous,33.3528,-93.295
Arkansas,Ground Snake,Non Venomous,35.277,-91.6411
Arkansas,Flathead Snake,Non Venomous,35.1041,-90.3053
Arkansas,Worm Snake,Non Venomous,35.3123,-91.5709
Arkansas,Western Worm Snake,Non Venomous,36.2959,-91.5696
Arkansas,Ringneck Snake,Non Venomous,36.2896,-93.3038
Arkansas,Mississippi Green Water Snake,Non Venomous,35.1119,-91.8253
Arkansas,Plainbelly Water Snake,Non Venomous,35.402,-90.7545
Arkansas,Broad-banded Water Snake,Non Venomous,36.1612,-92.1065
Arkansas,Diamondback Water Snake,Non Venomous,34.2602,-92.961
Arkansas,Midland Water Snake,Non Venomous,34.7737,-90.7674
Arkansas,Grahams Crayfish Snake,Non Venomous,34.8899,-91.1902
Arkansas,Gulf crayfish snake,Non Venomous,35.3285,-94.2793
Arkansas,Queen Snake,Non Venomous,35.2629,-90.5528
Arkansas,Midland Brown Snake,Non Venomous,33.6278,-93.2348
Arkansas,Redbelly Snake,Non Venomous,35.0129,-91.9571
Arkansas,Western Ribbon Snake,Non Venomous,33.9171,-92.85
Arkansas,Common Garter Snake,Non Venomous,35.8152,-89.9465
Arkansas,Rough Earth Snake,Non Venomous,36.2721,-92.2824
Arkansas,Western Earth Snake,Non Venomous,34.705,-92.2296
Arkansas,Western Mud Snake,Non Venomous,33.3479,-93.2084
Arkansas,Eastern Hognose Snake,Non Venomous,35.8008,-94.1303
Arkansas,Eastern Corn Snake,Non Venomous,36.2263,-94.1282
Arkansas,Midland Rat Snake,Non Venomous,36.4667,-94.2707
Arkansas,Bullsnake,Non Venomous,35.2954,-94.0463
Arkansas,Northern Pine Snake,Non Venomous,34.1192,-91.3789
Arkansas,Lined Snake,Non Venomous,34.9777,-91.5068
Arkansas,Southern Copperhead,Venomous,33.5113,-93.5671
Arkansas,Western Cottonmouth,Venomous,35.328,-93.2417
Arkansas,Western Diamondback Rattlesnake,Venomous,34.4055,-92.8091
Arkansas,Timber Rattlesnake,Venomous,33.7388,-94.148
Arkansas,Western Pigmy Rattlesnake,Venomous,34.4429,-92.1843
Arkansas,Texas Coral Snake,Venomous,35.3671,-92.4106
California,Eastern Worm Snake,Non Venomous,38.675,-121.049
California,Scarlet snake,Non Venomous,36.379,-119.0312
California,Black racer,Non Venomous,38.2436,-122.956
California,Northern ringneck snake,Non Venomous,36.3795,-119.2956
California,Southern ringneck snake,Non Venomous,40.3987,-123.9474
California,Corn snake,Non Venomous,36.964,-120.0803
California,Black rat snake,Non Venomous,39.4429,-123.3963
California,Yellow rat snake,Non Venomous,38.7173,-122.9034
California,Eastern mud snake,Non Venomous,37.4306,-120.7759
California,Rainbow Snake,Non Venomous,33.8002,-117.9935
California,Eastern hognose snake,Non Venomous,38.8356,-122.723
California,Southern hognose snake,Non Venomous,38.419,-120.8232
California,Mole king snake,Non Venomous,38.1133,-122.2359
California,Eastern king snake,Non Venomous,37.0555,-122.0118
California,Scarlet King snake,Non Venomous,37.4797,-119.6374
California,Eastern milk snake,Non Venomous,32.8439,-116.7585
California,Eastern coachwhip,Non Venomous,33.9716,-117.8911
California,Redbelly water snake,Non Venomous,39.2138,-120.8033
California,Banded water snake,Non Venomous,39.3718,-121.106
California,Florida green water snake,Non Venomous,35.6411,-118.4047
California,Banded water snake,Non Venomous,35.4794,-119.2013
California,Midland water snake,Non Venomous,33.3548,-115.7306
California,Northern water snake,Non Venomous,37.9884,-122.595
California,Brown water snake,Non Venomous,40.8005,-121.9375
California,Rough green snake,Non Venomous,34.0381,-118.0026
California,Pine snake,Non Venomous,38.8926,-121.9741
California,Glossy crayfish snake,Non Venomous,36.1438,-119.0612
California,Queen snake,Non Venomous,33.9566,-118.3444
California,Pine woods snake,Non Venomous,35.368,-117.6607
California,California Kingsnake,Non Venomous,32.8033,-116.9056
California,California Mountain kingsnake,Non Venomous,37.586,-122.3669
California,California Striped Whipsnake,Non Venomous,40.0059,-120.9525
California,Gopher Snake,Non Venomous,38.1218,-121.2933
California,Aquatic Garter Snake,Non Venomous,34.2819,-119.1452
California,Terrestrial Garter Snake,Non Venomous,38.1939,-120.379
California,Northwestern Garter SnakeCarolina Swamp Snake,Non Venomous,36.6247,-121.6465
California,Brown snake,Non Venomous,33.9336,-118.0311
California,Florida redbelly snake,Non Venomous,35.0164,-117.6659
California,Redbelly Snake,Non Venomous,33.9797,-116.9694
California,Northern redbelly snake,Non Venomous,37.434,-121.8921
California,Southeastern Crown Snake,Non Venomous,33.8724,-117.4624
California,Peninsula ribbon snake,Non Venomous,36.294,-119.1459
California,Eastern Ribbon Snake,Non Venomous,33.9356,-116.6873
California,Eastern Garter snake,Non Venomous,35.6546,-117.8213
California,Rough earth snake,Non Venomous,39.4261,-121.3542
California,Eastern smooth earth snake,Non Venomous,36.8722,-121.8101
California,Northern Rubber Boa,Non Venomous,41.1964,-120.9494
California,Southern Rubber Boa,Non Venomous,35.7309,-120.8702
California,Rosy Boa,Non Venomous,39.2788,-121.6624
California,Copperhead snake,Venomous,41.6086,-122.8409
California,Cottonmouth snake,Venomous,38.574,-121.2523
California,Eastern diamondback,Venomous,38.112,-122.519
California,Timber rattlesnake,Venomous,33.8895,-118.3972
California,Eastern coral snake,Venomous,34.4382,-119.6286
California,Dusky pigmy rattlesnake,Venomous,34.0739,-118.0291
California,Carolina pigmy rattlesnake,Venomous,32.8189,-116.9479
California,Diamondback Rattlesnake,Venomous,40.5511,-122.2363
California,Mojave Desert Sidewinder,Venomous,37.5154,-122.2955
California,Colorado Desert Sidewinder,Venomous,38.8672,-121.7055
Colorado,Blind Snake,Non Venomous,37.2574,-105.9007
Colorado,Glossy Snake,Non Venomous,39.7084,-104.7274
Colorado,Racer,Non Venomous,38.2351,-104.3434
Colorado,Ringneck Snake: Secure,Non Venomous,37.6877,-106.586
Colorado,Great Plains Rat Snake Common,Non Venomous,38.6086,-106.5164
Colorado,Western Hognose Snake,Non Venomous,38.5524,-106.0085
Colorado,Night Snake,Non Venomous,39.3038,-102.4234
Colorado,Common Kingsnake,Non Venomous,39.7406,-105.2118
Colorado,Milk Snake,Non Venomous,38.945,-105.1619
Colorado,Green Snake,Non Venomous,37.8488,-106.9252
Colorado,Coachwhip,Non Venomous,40.6831,-102.1725
Colorado,Striped Whipsnake,Non Venomous,40.0726,-105.5136
Colorado,Watersnake,Non Venomous,38.1286,-108.2918
Colorado,Bullsnake/Gophersnake,Non Venomous,40.8691,-104.2259
Colorado,Longnose Snake,Non Venomous,38.0014,-103.5549
Colorado,Ground Snake,Non Venomous,39.7366,-104.4286
Colorado,Black-headed Snake,Non Venomous,40.0189,-105.4078
Colorado,Garter Snake,Non Venomous,37.3861,-102.2801
Colorado,Arid Land Ribbonsnake,Non Venomous,39.2189,-104.5403
Colorado,Brown Snake,Non Venomous,39.9709,-105.1441
Colorado,Lined Snake,Non Venomous,39.36,-104.6072
Colorado,Rubber Boa,Non Venomous,40.0341,-105.2058
Colorado,Prairie Rattlesnake,Venomous,38.1063,-102.956
Colorado,Midget Faded Rattlesnake,Venomous,40.5826,-102.2985
Colorado,Massasauga,Venomous,39.7621,-104.8759
Colorado,Western Diamondback Rattlesnake,Venomous,39.9873,-105.4557
Connecticut,Black Racer,Non Venomous,41.5832,-72.8915
Connecticut,Northern Brown Snake,Non Venomous,41.8808,-72.8111
Connecticut,Eastern Ratsnake,Non Venomous,41.1144,-73.4215
Connecticut,Garternake,Non Venomous,41.7736,-72.3287
Connecticut,Hog-nosed Snake,Non Venomous,41.6342,-72.4692
Connecticut,Milksnake,Non Venomous,41.1918,-73.1953
Connecticut,Northern Watersnake,Non Venomous,41.1035,-73.5583
Connecticut,Red-bellied Snake,Non Venomous,41.9899,-72.5256
Connecticut,Ribbonsnake,Non Venomous,41.3502,-72.1023
Connecticut,Ring-necked Snake,Non Venomous,41.3823,-72.4386
Connecticut,mooth Greensnake,Non Venomous,41.7457,-73.1893
Connecticut,Worm Snake,Non Venomous,41.5923,-73.0858
Connecticut,Black Rat Snake,Non Venomous,41.3265,-73.0833
Connecticut,Eastern Wormsnake,Non Venomous,41.3379,-72.0175
Connecticut,Eastern Ribbonsnake,Non Venomous,41.3552,-72.391
Connecticut,Eastern Hog-nosed Snake,Non Venomous,41.0253,-73.5692
Connecticut,Copperhead,Venomous,41.7695,-72.3064
Connecticut,Timber Rattlesnake,Venomous,41.5367,-72.7944
Delaware,Northern ringneck snakes,Non Venomous,38.4603,-75.0542
Delaware,Eastern worm snake,Non Venomous,38.4651,-75.5552
Delaware,Eastern smooth earth snake,Non Venomous,39.8056,-75.4862
Delaware,Northern brown snakes,Non Venomous,38.8699,-75.579
Delaware,Red-bellied snakes,Non Venomous,39.0127,-75.5764
Delaware,Northern water snake,Non Venomous,39.1683,-75.7125
Delaware,The plain-belly water snake,Non Venomous,39.7485,-75.6953
Delaware,The queen snake,Non Venomous,38.5353,-75.1287
Delaware,Eastern garter snake,Non Venomous,39.1162,-75.5216
Delaware,Eastern ribbon snake,Non Venomous,39.0999,-75.5048
Delaware,Corn snakes,Non Venomous,39.1661,-75.4481
Delaware,Black rat snakes,Non Venomous,39.0714,-75.476
Delaware,Black racers,Non Venomous,39.7783,-75.6049
Delaware,Eastern kingsnakes,Non Venomous,39.7385,-75.5946
Delaware,Coral snake,Non Venomous,38.9244,-75.5707
Delaware,Scarlet kingsnake,Non Venomous,38.6539,-75.6117
Delaware,The eastern milksnake,Non Venomous,39.1179,-75.4839
Delaware,Coastal plains milk snake,Non Venomous,38.5466,-75.2467
Delaware,scarlet snake,Non Venomous,38.9091,-75.4224
Delaware,Hognose snakes,Non Venomous,38.7247,-75.6027
Delaware,Rough green snakes,Non Venomous,39.7669,-75.4982
Delaware,Northern pine snake,Non Venomous,39.2922,-75.6076
Delaware,The northern copperhead,Venomous,39.6858,-75.5849
Florida,Brahminy Blind Snake,Non Venomous,25.2574,-80.3242
Florida,Boa Constrictor,Non Venomous,29.6092,-82.8146
Florida,Brazilian Rainbow Boa,Non Venomous,26.1593,-80.1395
Florida,Amazon Tree Boa,Non Venomous,30.7826,-87.2309
Florida,Burmese Python,Non Venomous,28.7893,-81.276
Florida,Ball Python,Non Venomous,26.2057,-80.2549
Florida,Green Tree Python,Non Venomous,30.0472,-81.7855
Florida,Corn Snake,Non Venomous,30.6332,-85.5874
Florida,Mud Snake,Non Venomous,30.4127,-86.6588
Florida,Ribbon Snake,Non Venomous,28.469,-82.5999
Florida,Rainbow Snake,Non Venomous,25.8787,-80.125
Florida,Black Rat Snake,Non Venomous,29.7925,-82.1663
Florida,Common Garter Snake,Non Venomous,30.19,-81.3704
Florida,Rough Green Snake,Non Venomous,28.6928,-80.8468
Florida,Pine Snake,Non Venomous,26.6815,-80.1265
Florida,Redbelly Snake,Non Venomous,30.6838,-86.994
Florida,Eastern Racer,Non Venomous,26.3218,-80.2533
Florida,Southern black racer,Non Venomous,28.4727,-81.4169
Florida,Scarlet Snake,Non Venomous,30.9343,-87.0246
Florida,American Brown Snake,Non Venomous,30.529,-86.4753
Florida,Rough Earth Snake,Non Venomous,28.183,-82.1539
Florida,Smooth Earth Snake,Non Venomous,30.964,-86.4561
Florida,Florida Crown Snake,Non Venomous,30.8418,-86.887
Florida,Southeastern Crown Snake,Non Venomous,28.5474,-82.5206
Florida,Rim Rock Crown Snake,Non Venomous,28.2118,-82.7504
Florida,Swamp Snake,Non Venomous,27.7065,-82.4209
Florida,Short-tailed Snake,Non Venomous,25.7241,-80.339
Florida,Queen Snake,Non Venomous,30.4992,-84.4582
Florida,Striped Crayfish Snake,Non Venomous,25.8216,-80.2417
Florida,Glossy Crayfish Snake,Non Venomous,26.8486,-80.166
Florida,Pine Woods Snake,Non Venomous,30.7943,-85.226
Florida,Common Kingsnake,Non Venomous,30.477,-83.7604
Florida,Mole Kingsnake,Non Venomous,28.7754,-81.3721
Florida,Scarlet Kingsnake,Non Venomous,27.9087,-82.7162
Florida,Salt Marsh Snake,Non Venomous,30.2956,-82.9847
Florida,Gulf Salt Marsh Snake,Non Venomous,27.6378,-80.4855
Florida,Green Water Snake,Non Venomous,27.3328,-82.4616
Florida,Brown Water Snake,Non Venomous,28.4651,-81.374
Florida,Banded Water Snake,Non Venomous,27.8832,-82.3593
Florida,Midland Water Snake,Non Venomous,30.0282,-84.3936
Florida,Plainbelly Water Snake,Non Venomous,30.1148,-85.1935
Florida,Coachwhip,Non Venomous,27.2254,-82.4944
Florida,Ringneck Snake,Non Venomous,27.9942,-82.4451
Florida,Eastern Indigo Snake,Non Venomous,27.2161,-80.24
Florida,Eastern Hognose Snake,Non Venomous,30.2549,-85.9511
Florida,Southern Hognose Snake,Non Venomous,28.8815,-81.324
Florida,Southern Copperhead,Venomous,26.0463,-80.2862
Florida,Florida Cottonmouth,Venomous,28.8006,-82.3372
Florida,Eastern Cottonmouth,Venomous,30.4158,-87.3028
Florida,Eastern Diamondback Rattlesnake,Venomous,29.4479,-82.468
Florida,Timber Rattlesnake,Venomous,26.0889,-81.7031
Florida,Pygmy Rattlesnake,Venomous,27.8155,-82.7162
Florida,coral snake,Venomous,30.9505,-85.4025
Georgia,Worm Snake (Carphophis amoenus),Non Venomous,34.8741,-85.5096
Georgia,Scarlet Snake (Cemophora coccinea),Non Venomous,33.9103,-83.218
Georgia,Black Racer (Coluber constrictor),Non Venomous,34.0933,-83.7617
Georgia,Ringneck Snake (Diadophis punctatus),Non Venomous,30.8394,-83.9783
Georgia,Indigo Snake (Drymarchon corais),Non Venomous,32.0635,-82.8968
Georgia,Corn Snake (Pantherophis guttatus),Non Venomous,34.2859,-83.1097
Georgia,Rat Snake (Pantherophis obsoletus),Non Venomous,32.1043,-81.2568
Georgia,Mud Snake (Farancia abacura),Non Venomous,33.0909,-82.0146
Georgia,Rainbow Snake (Farancia erytrogramma),Non Venomous,34.3095,-83.6381
Georgia,Eastern Hognose Snake (Heterodon platirhinos),Non Venomous,34.1354,-83.9763
Georgia,Southern Hognose Snake (Heterodon simus),Non Venomous,33.9917,-83.7218
Georgia,Mole Kingsnake (Lampropeltis calligaster),Non Venomous,34.9318,-85.246
Georgia,Eastern Kingsnake (Lampropeltis getula),Non Venomous,31.7715,-81.6216
Georgia,Milk Snake (Lampropeltis triangulum),Non Venomous,34.6437,-83.7411
Georgia,Scarlet Kingsnake (Lampropeltis triangulum elapsoides),Non Venomous,33.1934,-82.5287
Georgia,Coachwhip (Masticophis flagellum),Non Venomous,33.7555,-83.1737
Georgia,Redbelly Water Snake (Nerodia erythrogaster),Non Venomous,33.4773,-84.36
Georgia,Banded Water Snake (Nerodia fasciata),Non Venomous,31.8003,-81.419
Georgia,Green Water Snake (Nerodia floridana),Non Venomous,33.7811,-84.6486
Georgia,Northern Water Snake (Nerodia sipedon),Non Venomous,32.1613,-81.9093
Georgia,Brown Water Snake (Nerodia taxispilota),Non Venomous,33.8842,-84.3008
Georgia,Rough Green Snake (Opheodrys aestivus),Non Venomous,33.326,-84.6371
Georgia,Pine Snake (Pituophis melanoleucus),Non Venomous,31.6248,-82.8877
Georgia,Striped Crayfish Snake (Regina alleni),Non Venomous,31.0683,-83.6236
Georgia,Glossy Crayfish Snake (Regina rigida),Non Venomous,34.8497,-85.0395
Georgia,Queen snake (Regina septemvittata),Non Venomous,33.4626,-82.7055
Georgia,Pine Woods Snake (Rhadinaea flavilata),Non Venomous,30.8756,-84.4312
Georgia,Black Swamp Snake (Seminatrix pygaea),Non Venomous,33.7931,-82.4776
Georgia,Brown Snake (Storeria dekayi),Non Venomous,34.9196,-83.3854
Georgia,Red-bellied Snake (Storeria occipitomaculata),Non Venomous,32.9954,-82.4
Georgia,Florida Brown Snake (Storeria victa),Non Venomous,32.8866,-83.3349
Georgia,Southeastern Crowned Snake (Tantilla coronata),Non Venomous,32.5306,-82.592
Georgia,Central Florida Crowned Snake (Tantilla relicta),Non Venomous,33.967,-84.2319
Georgia,Eastern Ribbon Snake (Thamnophis sauritus),Non Venomous,34.4835,-85.4776
Georgia,Eastern Garter Snake(Thamnophis sirtalis),Non Venomous,33.4262,-82.3127
Georgia,Rough Earth Snake (Virginia striatula),Non Venomous,34.0507,-84.0687
Georgia,Smooth Earth Snake (Virginia valeriae),Non Venomous,31.2988,-84.717
Georgia,Carolina Pygmy Rattlesnake,Venomous,31.5441,-82.4145
Georgia,Dusky Pygmy Rattlesnake,Venomous,33.8674,-82.742
Georgia,Eastern Coral Snake,Venomous,32.1713,-82.3298
Georgia,Eastern Cottonmouth,Venomous,31.3358,-83.0446
Georgia,Eastern Diamondback Rattlesnake,Venomous,34.9015,-84.9646
Georgia,Florida Cottonmouth,Venomous,32.8816,-82.4712
Georgia,Northern Copperhead,Venomous,33.0918,-84.4385
Georgia,Southern Copperhead,Venomous,32.0194,-83.0631
Georgia,Timber Rattlesnake,Venomous,33.5739,-83.894
Georgia,Western Cottonmouth,Venomous,33.4007,-83.5884
Hawaii,The Brahminy Blind Snake,Non Venomous,20.9188,-156.5063
Hawaii,The yellow-bellied sea snake,Venomous,21.3145,-158.0289
Hawaii,The brown tree snake,Venomous,21.3288,-157.6975
Idaho,Rubber Boa,Non Venomous,42.4097,-113.5805
Idaho,Eastern Racer,Non Venomous,43.2235,-112.3755
Idaho,Striped Whip-snake,Non Venomous,48.3091,-116.539
Idaho,Gophersnake,Non Venomous,42.659,-111.5877
Idaho,Long-nose Snake,Non Venomous,42.7183,-114.5159
Idaho,Ground Snake,Non Venomous,48.1782,-116.8842
Idaho,The Common Garter Snake,Non Venomous,42.2273,-111.4032
Idaho,Prairie Rattlesnake,Venomous,46.9282,-116.8896
Idaho,Northern Pacific Rattlesnake,Venomous,43.8872,-111.6724
Idaho,Ringneck Snake,Venomous,42.6504,-112.1901
Idaho,Night Snake,Venomous,46.614,-116.6542
Idaho,Terrestrial Garter Snake,Venomous,46.4866,-116.2568
Illinois,Eastern Wormsnake,Non Venomous,38.607,-89.6844
Illinois,Scarletsnake,Non Venomous,40.6537,-88.3999
Illinois,Kirtlands Snake,Non Venomous,40.0941,-87.6398
Illinois,Eastern Racer,Non Venomous,38.3256,-88.7366
Illinois,Ring-necked Snake,Non Venomous,39.1258,-89.8173
Illinois,Gray Ratsnake,Non Venomous,39.1689,-87.673
Illinois,Western Foxsnake,Non Venomous,41.0486,-89.0522
Illinois,Mudsnake,Non Venomous,39.6148,-87.6905
Illinois,Western Hog-nosed Snake,Non Venomous,37.9721,-89.1111
Illinois,Eastern Hog-nosed Snake,Non Venomous,38.8676,-88.8505
Illinois,Prairie Kingsnake,Non Venomous,40.8784,-88.2696
Illinois,Common Kingsnake,Non Venomous,41.7637,-88.2901
Illinois,Milk Snake,Non Venomous,39.8044,-87.6752
Illinois,Coachwhip,Non Venomous,42.1347,-87.7641
Illinois,Mississippi Green Watersnake,Non Venomous,40.4857,-89.0993
Illinois,Plain-bellied Watersnake,Non Venomous,40.534,-89.3556
Illinois,Southern Watersnake,Non Venomous,41.0904,-90.4748
Illinois,Diamondback Watersnake,Non Venomous,42.0956,-87.9825
Illinois,Northern Watersnake,Non Venomous,41.517,-87.6924
Illinois,Rough Greensnake,Non Venomous,38.4449,-87.9975
Illinois,Smooth Greensnake,Non Venomous,39.4774,-88.3627
Illinois,Great Plains Ratsnake,Non Venomous,38.3188,-89.8743
Illinois,Gophersnake,Non Venomous,41.4399,-87.6231
Illinois,Grahams Crayfish Snake,Non Venomous,40.5709,-88.2471
Illinois,Queen Snake,Non Venomous,40.935,-89.7547
Illinois,Dekays Brownsnake,Non Venomous,39.029,-89.5247
Illinois,Red-bellied Snake,Non Venomous,39.8842,-91.1084
Illinois,Flat-headed Snake,Non Venomous,41.3573,-89.7372
Illinois,Western Ribbonsnake,Non Venomous,37.9579,-88.8356
Illinois,Plains Gartersnake,Non Venomous,42.4302,-90.1642
Illinois,Eastern Ribbonsnake,Non Venomous,40.6734,-89.5419
Illinois,Common Gartersnake,Non Venomous,40.4959,-89.6525
Illinois,Lined Snake,Non Venomous,40.5162,-88.0759
Illinois,Eastern Smooth Earthsnake,Non Venomous,42.45,-89.0631
Illinois,Northern Copperhead,Venomous,37.3599,-89.1654
Illinois,Osage Copperhead,Venomous,39.5919,-89.4258
Illinois,Western Cottonmouth,Venomous,42.2221,-88.9716
Illinois,Timber Rattlesnake,Venomous,42.4028,-88.2117
Illinois,Massasauga,Venomous,41.145,-88.0539
Indiana,Butlers Gartersnake,Non Venomous,40.0428,-86.8975
Indiana,Common Gartersnake,Non Venomous,38.7369,-85.5387
Indiana,Eastern Ribbonsnake,Non Venomous,39.0676,-84.9053
Indiana,Plains Gartersnake,Non Venomous,40.9059,-87.1612
Indiana,Western Ribbonsnake,Non Venomous,41.3147,-84.9012
Indiana,Copperbelly Watersnake,Non Venomous,39.4936,-87.2667
Indiana,Diamondback Watersnake,Non Venomous,39.537,-87.3653
Indiana,Northern Watersnake,Non Venomous,39.8325,-86.2002
Indiana,Queen Snake,Non Venomous,39.6349,-84.926
Indiana,Kirtlands Snake SE,Non Venomous,38.2042,-87.9151
Indiana,DeKays Brownsnake,Non Venomous,41.5336,-86.0138
Indiana,Red-bellied Snake,Non Venomous,39.9447,-84.8308
Indiana,Smooth Earthsnake,Non Venomous,41.5005,-85.8248
Indiana,Eastern Racer,Non Venomous,40.9807,-85.8393
Indiana,Rough Greensnake,Non Venomous,38.6679,-86.9974
Indiana,Smooth Greensnake,Non Venomous,38.1692,-86.8257
Indiana,Western Ratsnake,Non Venomous,41.7563,-86.8181
Indiana,Midland Ratsnake,Non Venomous,41.2159,-86.4236
Indiana,Western Foxsnake,Non Venomous,39.7832,-86.0517
Indiana,Bull Snake,Non Venomous,41.5256,-85.3667
Indiana,Black Kingsnake,Non Venomous,41.4328,-85.0347
Indiana,Eastern Milksnake,Non Venomous,40.5452,-86.5242
Indiana,Prairie Kingsnake,Non Venomous,39.9973,-85.2512
Indiana,Red Milksnake,Non Venomous,39.4279,-85.6286
Indiana,Scarletsnake,Non Venomous,39.9658,-86.1461
Indiana,Southeastern Crowned Snake,Non Venomous,41.5303,-86.6974
Indiana,Ringneck Snake,Non Venomous,38.5549,-86.2778
Indiana,Eastern Wormsnake,Non Venomous,39.4233,-85.0114
Indiana,Eastern Hognose Snake,Non Venomous,39.4078,-85.3066
Indiana,Mud Snake,Non Venomous,40.602,-85.9275
Indiana,Copperhead,Venomous,41.443,-87.4702
Indiana,Cottonmouth,Venomous,39.8329,-86.3824
Indiana,Massasauga,Venomous,41.1966,-84.9245
Indiana,Timber Rattlesnake,Venomous,38.3827,-87.2129
Lowa,Plains Garter Snake,Non Venomous,41.6776,-93.7946
Lowa,Western Worm Snake,Non Venomous,41.7399,-90.9738
Lowa,Western Hognose Snake,Non Venomous,42.465,-95.6757
Lowa,Common Kingsnake,Non Venomous,40.7011,-91.8005
Lowa,Smooth Green Snake,Non Venomous,42.9855,-95.875
Lowa,Prairie Ringneck snake,Non Venomous,40.8374,-91.7125
Lowa,Western Ribbon Snake,Non Venomous,41.7008,-93.0794
Lowa,Redbelly Snake,Non Venomous,41.3651,-91.9533
Lowa,Prairie Kingsnake,Non Venomous,42.7518,-92.7957
Lowa,Plainbelly Watersnake,Non Venomous,41.5222,-94.4043
Lowa,Northern Water Snake,Non Venomous,41.0413,-93.9489
Lowa,Lined Snake,Non Venomous,42.9394,-94.6832
Lowa,Fox Snake,Non Venomous,41.5898,-91.0271
Lowa,Milk Snake,Non Venomous,41.5905,-94.1963
Lowa,Smooth Earth Snake,Non Venomous,42.669,-92.3342
Lowa,Eastern Hognose Snake,Non Venomous,40.8405,-94.1088
Lowa,Eastern Garter Snake,Non Venomous,41.0176,-93.3095
Lowa,Diamondback Watersnake,Non Venomous,42.7578,-93.1041
Lowa,Crayfish Snake,Non Venomous,41.9054,-92.1804
Lowa,Brown Snake,Non Venomous,41.8082,-96.0274
Lowa,Racer,Non Venomous,40.6068,-94.3863
Lowa,Ratsnake,Non Venomous,43.0594,-91.4557
Lowa,Bullsnake,Non Venomous,42.5195,-92.4534
Lowa,Timber Rattlesnake,Venomous,42.4477,-90.8448
Lowa,Prairie Rattlesnake,Venomous,40.8784,-93.5924
Lowa,Massasauga Rattlesnake,Venomous,41.4521,-92.0905
Lowa,Northern Copperhead,Venomous,41.8227,-90.5448
Lowa,Osage Copperhead,Venomous,40.8017,-92.8871
Kansas,Eastern Glossy Snake,Non Venomous,39.0689,-96.167
Kansas,Western Worm Snake,Non Venomous,37.9636,-97.146
Kansas,Eastern Racer,Non Venomous,38.1683,-97.1043
Kansas,Ringneck Snake,Non Venomous,37.9165,-95.1715
Kansas,Western Hognose Snake,Non Venomous,38.1935,-99.5264
Kansas,Eastern Hognose Snake,Non Venomous,39.9155,-95.6275
Kansas,Night Snake,Non Venomous,37.543,-94.7024
Kansas,Prairie Kingsnake,Non Venomous,37.23,-95.1836
Kansas,Common Kingsnake,Non Venomous,38.9692,-97.7591
Kansas,Milk Snake,Non Venomous,38.1011,-97.992
Kansas,New Mexico Blind Snake,Non Venomous,38.5481,-97.1543
Kansas,Coachwhip,Non Venomous,39.6694,-99.1225
Kansas,Plainbelly Water Snake,Non Venomous,39.7242,-96.1304
Kansas,Diamondback Water Snake,Non Venomous,38.247,-97.3456
Kansas,Northern Water Snake,Non Venomous,37.5186,-95.1742
Kansas,Rough Green Snake,Non Venomous,37.7191,-96.224
Kansas,Great Plains Rat Snake,Non Venomous,39.8347,-100.1888
Kansas,Western Rat Snake,Non Venomous,38.7736,-97.8645
Kansas,Gopher Snake,Non Venomous,39.6643,-95.9319
Kansas,Grahams Crayfish Snake,Non Venomous,37.5702,-97.1361
Kansas,Longnose Snake,Non Venomous,39.5096,-98.4331
Kansas,Ground Snake,Non Venomous,38,-98.7611
Kansas,Brown Snake,Non Venomous,39.2499,-96.3145
Kansas,Redbelly Snake species in need of conservation,Non Venomous,38.3527,-97.1992
Kansas,Flathead Snake,Non Venomous,37.78,-98.0224
Kansas,Plains Blackhead Snake,Non Venomous,38.4648,-99.3108
Kansas,Checkered Garter Snake,Non Venomous,39.4301,-96.9997
Kansas,Western Ribbon Snake,Non Venomous,39.3561,-100.7242
Kansas,Plains Garter Snake,Non Venomous,38.1818,-95.4905
Kansas,Common Garter Snake,Non Venomous,38.5245,-98.5369
Kansas,Lined Snake,Non Venomous,39.0158,-94.8076
Kansas,Rough Earth Snake,Non Venomous,39.0245,-94.6287
Kansas,Smooth Earth Snake,Non Venomous,38.1229,-99.7126
Kansas,Smooth Earth Snake,Non Venomous,39.5046,-98.5475
Kansas,Cottonmouth,Venomous,37.0144,-98.6492
Kansas,Copperhead,Venomous,38.9358,-97.1246
Kansas,Western Diamondback Rattlesnake,Venomous,39.0545,-96.2381
Kansas,Timber Rattlesnake,Venomous,37.3779,-96.0821
Kansas,Prairie Rattlesnake,Venomous,39.2164,-96.1789
Kansas,Massasauga,Venomous,39.7616,-99.1197
Kentucky,Black Racer,Non Venomous,36.7225,-87.2628
Kentucky,Brown Snake,Non Venomous,38.2016,-84.2719
Kentucky,Coachwhip Eastern,Non Venomous,38.205,-85.727
Kentucky,Cornsnake,Non Venomous,38.0562,-85.6847
Kentucky,Diamondback Water Snake,Non Venomous,37.335,-82.9819
Kentucky,Earthsnake,Non Venomous,38.7252,-84.8238
Kentucky,Garter Snake Eastern,Non Venomous,38.2157,-85.5834
Kentucky,Green Snake Rough,Non Venomous,37.5466,-87.9878
Kentucky,Hognose Snake Eastern,Non Venomous,36.6781,-84.1284
Kentucky,Kingsnake Black,Non Venomous,36.8792,-87.6638
Kentucky,Kingsnake Prairie,Non Venomous,38.351,-85.1121
Kentucky,Kingsnake Scarlet,Non Venomous,37.3206,-84.9285
Kentucky,Kirtlands Snake,Non Venomous,38.9949,-84.6017
Kentucky,Milk Snake Eastern,Non Venomous,36.7537,-83.7087
Kentucky,Mud Snake Western,Non Venomous,38.046,-85.6911
Kentucky,Pine Snake Northern,Non Venomous,38.89,-84.2481
Kentucky,Queen Snake,Non Venomous,38.1543,-84.678
Kentucky,Rat Snake,Non Venomous,37.1952,-86.2691
Kentucky,Redbelly Snake Northern,Non Venomous,38.6415,-84.5675
Kentucky,Ribbon Snake Eastern,Non Venomous,37.4531,-84.7578
Kentucky,Ribbon Snake Western,Non Venomous,38.0929,-85.7467
Kentucky,Ringneck Snake,Non Venomous,39.1067,-84.7277
Kentucky,Southeastern Crowned Snake,Non Venomous,37.011,-84.653
Kentucky,Water Snake Broad-banded,Non Venomous,38.2521,-85.6107
Kentucky,Water Snake Copper-belly,Non Venomous,37.346,-83.4696
Kentucky,Water Snake Mississippi Green,Non Venomous,37.4784,-84.815
Kentucky,Water Snake Northern / Midland,Non Venomous,37.4943,-85.1483
Kentucky,Water Snake Yellowbelly,Non Venomous,37.8475,-83.8572
Kentucky,Worm Snake,Non Venomous,36.932,-84.1004
Kentucky,Rattlesnake Western Pygmy,Venomous,36.9211,-88.5226
Kentucky,Rattlesnake Timber,Venomous,37.6351,-85.3985
Kentucky,Cottonmouth Western,Venomous,38.2834,-85.5936
Kentucky,Southern Copperhead,Venomous,38.197,-85.8136
Kentucky,Northern Copperhead,Venomous,37.0753,-86.9951
Louisiana,Banded Water Snake,Non Venomous,29.9986,-90.4036
Louisiana,Black Pine Snake,Non Venomous,32.793,-93.0582
Louisiana,Brahminy Blind Snake,Non Venomous,29.9072,-90.1933
Louisiana,Ramphotyphlops braminus,Non Venomous,29.8113,-91.6705
Louisiana,Brown Snake,Non Venomous,30.0049,-91.8202
Louisiana,Coachwhip,Non Venomous,29.3443,-89.4683
Louisiana,Common Garter Snake,Non Venomous,30.9344,-92.9268
Louisiana,Common Water Snake,Non Venomous,30.161,-91.1495
Louisiana,Diamond-backed Water Snake,Non Venomous,30.0168,-90.4634
Louisiana,Eastern Hog-nosed Snake,Non Venomous,31.3414,-92.4096
Louisiana,Eastern Ribbon Snake,Non Venomous,31.8492,-91.6599
Louisiana,Eastern Worm Snake,Non Venomous,31.713,-91.4453
Louisiana,Flat-headed Snake,Non Venomous,31.6788,-92.1493
Louisiana,Glossy Crayfish Snake,Non Venomous,32.4883,-92.1619
Louisiana,Grahams Crayfish Snake,Non Venomous,32.5606,-93.5625
Louisiana,Gray Rat Snake,Non Venomous,31.6343,-91.5562
Louisiana,Louisiana Pine Snake,Non Venomous,30.8479,-90.1459
Louisiana,Milk Snake,Non Venomous,30.9682,-91.1125
Louisiana,Mississippi Green Water Snake,Non Venomous,31.3906,-92.6699
Louisiana,Mud Snake,Non Venomous,29.9886,-91.0555
Louisiana,Pine Woods Snake,Non Venomous,30.6824,-91.4248
Louisiana,Rhadinaea flavilata,Non Venomous,29.6886,-91.1522
Louisiana,Pine Woods Snake,Non Venomous,31.924,-92.6425
Louisiana,Prairie Kingsnake,Non Venomous,30.5623,-91.5502
Louisiana,Racer,Non Venomous,30.3126,-92.0387
Louisiana,Rainbow Snake,Non Venomous,29.5164,-90.3291
Louisiana,Red Corn Snake,Non Venomous,32.4703,-92.1736
Louisiana,Red-bellied Snake,Non Venomous,30.4953,-90.7467
Louisiana,Ring-necked Snake,Non Venomous,30.867,-92.7986
Louisiana,Rough Earth Snake,Non Venomous,30.528,-92.0851
Louisiana,Rough Green Snake,Non Venomous,29.9205,-90.6458
Louisiana,Salt Marsh Snake,Non Venomous,30.0687,-89.9288
Louisiana,Scarlet Kingsnake,Non Venomous,30.2393,-93.0128
Louisiana,Scarlet Snake,Non Venomous,29.3864,-90.7081
Louisiana,Slowinskis Corn Snake,Non Venomous,32.7749,-91.9058
Louisiana,Smooth Earth Snake,Non Venomous,31.43,-92.4829
Louisiana,Southeastern Crowned Snake,Non Venomous,29.7013,-91.2377
Louisiana,Speckled kingsnake,Non Venomous,29.8685,-91.5388
Louisiana,Western Rat Snake,Non Venomous,30.5289,-93.4391
Louisiana,Western Ribbon Snake,Non Venomous,30.449,-93.4455
Louisiana,Thamnophis proximus,Non Venomous,30.5467,-91.1225
Louisiana,Western Ribbon Snake,Non Venomous,30.4456,-91.2098
Louisiana,Western Worm Snake,Non Venomous,29.9593,-90.2202
Louisiana,Yellow-bellied Water Snake,Non Venomous,31.6547,-93.1999
Louisiana,Canebrake Rattlesnake,Venomous,32.9206,-91.6751
Louisiana,Copperhead,Venomous,30.4835,-92.8508
Louisiana,Cottonmouth,Venomous,29.78,-90.7893
Louisiana,Eastern Diamondback Rattlesnake,Venomous,30.7646,-90.5114
Louisiana,Harlequin Coral Snake,Venomous,30.3687,-89.7495
Louisiana,Pygmy Rattlesnake,Venomous,30.1828,-90.8674
Louisiana,Texas Coral Snake,Venomous,32.5329,-92.6361
Maine,The Northern Black Racer,Non Venomous,43.4244,-70.7573
Maine,The Ring-necked Snake,Non Venomous,43.6954,-70.3539
Maine,The Ribbon Snake,Non Venomous,43.7631,-70.1409
Maine,The Brown Snake,Non Venomous,44.0086,-70.057
Maine,The Common Garter Snake,Non Venomous,44.191,-69.7921
Maine,The Northern Water Snake,Non Venomous,43.7905,-70.6275
Maine,The Belly red to orange,Non Venomous,44.0915,-70.1681
Maine,The Smooth Green Snake,Non Venomous,44.5441,-69.6624
Maine,The Milk Snake,Non Venomous,44.1274,-69.1369
Maine,The Timber Rattlesnake,Venomous,44.7835,-68.7352
Maryland,The Black Rat Snake,Non Venomous,39.3767,-77.7341
Maryland,The Eastern Garter Snake,Non Venomous,39.5989,-77.6128
Maryland,The Eastern Hognose Snake,Non Venomous,39.6484,-77.6311
Maryland,The Eastern Kingsnake,Non Venomous,39.1457,-76.7745
Maryland,The Eastern Milk Snake,Non Venomous,39.036,-77.0934
Maryland,The Eastern Ribbon Snake,Non Venomous,39.2924,-79.3525
Maryland,The Eastern Worm Snake,Non Venomous,38.2646,-76.8496
Maryland,The Northern Black Racer,Non Venomous,38.1655,-75.3968
Maryland,The Northern Brown Snake,Non Venomous,39.2088,-76.6625
Maryland,The Northern Ringneck Snake,Non Venomous,39.0603,-76.8456
Maryland,The Northern Water Snake,Non Venomous,38.3309,-75.2149
Maryland,The Rough Green Snake,Non Venomous,39.5653,-78.7054
Maryland,The Smooth Green Snake,Non Venomous,38.9853,-76.1677
Maryland,The Southern Ringneck Snake,Non Venomous,39.6089,-77.7082
Maryland,The Coastal Plain Milk Snake,Non Venomous,39.657,-77.1683
Maryland,The Corn Snake,Non Venomous,39.6344,-77.8942
Maryland,The Mole Kingsnake,Non Venomous,38.9373,-76.5572
Maryland,The Northern Red Belly Snake,Non Venomous,38.9423,-76.9645
Maryland,The Queen Snake,Non Venomous,38.917,-75.9419
Maryland,The Smooth Earth Snake,Non Venomous,38.0635,-75.5553
Maryland,The Northern Scarlet Snake,Non Venomous,39.7018,-78.952
Maryland,The Redbelly Water Snake,Non Venomous,39.0394,-76.9211
Maryland,The Mountain Earth Snake,Non Venomous,38.2672,-75.8938
Maryland,The Rainbow Snake,Non Venomous,38.5382,-75.719
Maryland,The Northern Pine Snake,Non Venomous,39.488,-79.0429
Maryland,The Northern Copperhead,Venomous,38.8385,-76.8232
Maryland,The Timber Rattlesnake,Venomous,39.2737,-77.2006
Massachusetts,Black Racer,Non Venomous,42.2652,-72.672
Massachusetts,Black Rat Snake,Non Venomous,42.0747,-70.659
Massachusetts,Brown Snake,Non Venomous,41.6723,-70.0641
Massachusetts,Common Garter Snake,Non Venomous,42.4373,-71.692
Massachusetts,Eastern Hognose Snake,Non Venomous,42.614,-72.5985
Massachusetts,Eastern Ribbon Snake,Non Venomous,41.6722,-70.3599
Massachusetts,Milk Snake,Non Venomous,41.5737,-70.4636
Massachusetts,Northern Water Snake,Non Venomous,42.7003,-71.1626
Massachusetts,Redbelly Snake,Non Venomous,41.2826,-70.1855
Massachusetts,Ringneck Snake,Non Venomous,42.0779,-71.7121
Massachusetts,Smooth Green Snake,Non Venomous,41.6432,-70.992
Massachusetts,Worm Snake,Non Venomous,42.6389,-71.3217
Massachusetts,Copperhead,Venomous,41.8539,-69.9968
Massachusetts,Timber Rattlesnake,Venomous,42.4234,-71.1087
Michigan,Black Rat Snake,Non Venomous,42.4951,-85.4117
Michigan,Blue Racer,Non Venomous,41.7859,-84.0403
Michigan,Brown Snake,Non Venomous,44.5033,-85.672
Michigan,Butlers Garter Snake,Non Venomous,46.2912,-87.4372
Michigan,Common Garter Snake,Non Venomous,42.8909,-85.7066
Michigan,Copper-bellied Water Snake,Non Venomous,45.2719,-84.9413
Michigan,Eastern Hog-nosed Snake,Non Venomous,42.3027,-85.5447
Michigan,Eastern Milk Snake,Non Venomous,44.2337,-83.8033
Michigan,Fox Snake,Non Venomous,43.9395,-82.7149
Michigan,Kirtlands Snake,Non Venomous,42.6416,-84.5307
Michigan,Northern Ribbon Snake,Non Venomous,43.1266,-85.5582
Michigan,Northern Water Snake,Non Venomous,45.2239,-85.3791
Michigan,Queen Snake,Non Venomous,44.4297,-84.0225
Michigan,Red-bellied Snake,Non Venomous,42.2755,-83.7312
Michigan,Ring-necked Snake,Non Venomous,45.9591,-86.2507
Michigan,Smooth Green Snake,Non Venomous,42.2383,-85.336
Michigan,Eastern Massasauga Rattlesnake,Venomous,42.3972,-83.3733
Mississippi,Eastern Ribbon Snake,Non Venomous,32.0858,-89.7819
Mississippi,Common Garter Snake,Non Venomous,31.3372,-89.3772
Mississippi,Rough Earth Snake,Non Venomous,31.6773,-88.6353
Mississippi,Smooth Earth Snake,Non Venomous,31.721,-90.3859
Mississippi,Mississippi Green Water Snake,Non Venomous,31.5995,-89.8746
Mississippi,Brown Water Snake,Non Venomous,31.5751,-91.3521
Mississippi,Plainbelly Water Snake,Non Venomous,34.4909,-89.0201
Mississippi,Northern Water Snake,Non Venomous,32.3173,-90.8868
Mississippi,Mississippi Green Water Snake,Non Venomous,34.6081,-89.9762
Mississippi,Southern Water Snake,Non Venomous,31.9609,-89.8694
Mississippi,Queen Snake,Non Venomous,33.1995,-89.3418
Mississippi,Glossy Crayfish Snake,Non Venomous,34.5034,-89.5025
Mississippi,Brown Snake,Non Venomous,34.2616,-88.4021
Mississippi,Redbelly Snake,Non Venomous,32.3163,-90.2124
Mississippi,Ringneck Snake,Non Venomous,32.1364,-88.7958
Mississippi,Eastern Worm Snake,Non Venomous,34.1971,-90.5729
Mississippi,Rainbow Snake,Non Venomous,32.2309,-90.1592
Mississippi,Western Worm Snake,Non Venomous,33.8849,-88.2367
Mississippi,Mud Snake,Non Venomous,33.7643,-89.9732
Mississippi,Eastern Hognose Snake,Non Venomous,30.3791,-89.3707
Mississippi,Southern Hognose Snake,Non Venomous,31.1545,-88.558
Mississippi,Southeastern Crowned Snake,Non Venomous,33.9693,-90.3693
Mississippi,Pine Woods Snake,Non Venomous,31.1707,-88.9252
Mississippi,Black Pine Snake,Non Venomous,30.4106,-88.6568
Mississippi,Common Kingsnake,Non Venomous,33.4079,-90.2081
Mississippi,Prairie Kingsnake,Non Venomous,32.4236,-90.1481
Mississippi,Milk Snake,Non Venomous,31.9869,-89.9011
Mississippi,Louisiana Milk Snake,Non Venomous,34.5605,-89.1179
Mississippi,Corn Snake,Non Venomous,33.9437,-90.9468
Mississippi,Rat Snake,Non Venomous,32.8056,-90.9245
Mississippi,Red Milk Snake,Non Venomous,34.368,-90.6378
Mississippi,Gopher Snake,Non Venomous,33.1217,-88.5564
Mississippi,Rough Green Snake,Non Venomous,32.5679,-89.334
Mississippi,Indigo Snake,Non Venomous,33.5126,-90.1993
Mississippi,Racer,Non Venomous,33.8588,-89.3145
Mississippi,Coachwhip,Non Venomous,32.4267,-88.51
Mississippi,Scarlet Snake,Non Venomous,32.5485,-88.6092
Mississippi,Copperhead,Venomous,33.5003,-90.3256
Mississippi,Cottonmouth,Venomous,32.672,-90.5445
Mississippi,Southern Copperhead,Venomous,31.5969,-89.2091
Mississippi,Western Cottonmouth,Venomous,32.5976,-90.0315
Mississippi,Eastern Cottonmouth,Venomous,32.9677,-89.9128
Mississippi,Canebrake Rattlesnake,Venomous,31.5046,-91.0674
Mississippi,Timber Rattlesnake,Venomous,34.4327,-90.2213
Mississippi,Carolina Pygmy Rattlesnake,Venomous,34.3611,-88.8388
Mississippi,Dusky Pygmy Rattlesnake,Venomous,33.7065,-90.7249
Mississippi,Eastern Diamondback Rattlesnake,Venomous,34.6159,-89.1914
Mississippi,Western Pygmy Rattlesnake,Venomous,33.94,-89.3373
Mississippi,Eastern Coral Snake,Venomous,33.9813,-88.4823
Missouri,Western Worm Snake,Non Venomous,39.1363,-94.1307
Missouri,Northern Scarlet Snake,Non Venomous,38.8664,-90.2084
Missouri,Eastern Yellow-belly Race,Non Venomous,38.5242,-90.3365
Missouri,Prairie Ring-necked Snake,Non Venomous,37.0355,-94.5379
Missouri,Great Plains Rat Snake,Non Venomous,39.019,-94.3131
Missouri,Black Rat Snake,Non Venomous,37.7025,-91.8661
Missouri,Western Fox Snake,Non Venomous,39.4773,-92.0039
Missouri,Western Mud Snake,Non Venomous,39.2747,-91.5763
Missouri,Plains Hog-nosed Snake,Non Venomous,38.6983,-91.4342
Missouri,Eastern Hog-nosed Snake,Non Venomous,40.4045,-94.4465
Missouri,Prairie Kingsnake,Non Venomous,38.3655,-90.3645
Missouri,Speckled Kingsnake,Non Venomous,37.1785,-91.6576
Missouri,Red Milk Snake,Non Venomous,36.9674,-93.7183
Missouri,Eastern Coachwhip,Non Venomous,39.2622,-90.8287
Missouri,Mississippi Green Water Snake,Non Venomous,39.1545,-94.5452
Missouri,Yellow-bellied Water Snake,Non Venomous,36.3318,-89.8242
Missouri,Broad-banded Water Snake,Non Venomous,36.7857,-92.5685
Missouri,Diamond-backed Water Snake,Non Venomous,38.9341,-92.7025
Missouri,Northern Water Snake,Non Venomous,38.8736,-92.9126
Missouri,Rough Green Snake,Non Venomous,39.2394,-94.4191
Missouri,Smooth Green Snake,Non Venomous,37.8618,-90.5892
Missouri,Bullsnake,Non Venomous,36.0404,-90.1158
Missouri,Grahams Crayfish Snake,Non Venomous,36.6311,-91.9602
Missouri,Ground Snake,Non Venomous,36.5746,-94.3912
Missouri,Midland Brown Snake,Non Venomous,36.7789,-89.3841
Missouri,Northern Red-bellied Snake,Non Venomous,37.7821,-90.4288
Missouri,Flat-headed Snake,Non Venomous,37.4574,-91.212
Missouri,Western Ribbon Snake,Non Venomous,36.6707,-93.9399
Missouri,Plains Garter Snake,Non Venomous,37.2368,-89.7978
Missouri,Eastern Garter Snake,Non Venomous,38.2035,-92.6257
Missouri,Lined Snake,Non Venomous,36.5231,-93.9388
Missouri,Rough Earth Snake,Non Venomous,37.7836,-89.918
Missouri,Western Earth Snake,Non Venomous,39.4553,-94.3371
Missouri,Osage Copperhead,Venomous,36.944,-94.1858
Missouri,Northern Copperhead,Venomous,37.1072,-92.4189
Missouri,Southern Copperhead,Venomous,39.2105,-92.1342
Missouri,Western Cottonmouth,Venomous,38.8725,-94.174
Missouri,Timber Rattlesnake,Venomous,40.4006,-95.595
Missouri,Western Pygmy Rattlesnake,Venomous,40.492,-92.7005
Missouri,Eastern Massasauga Rattlesnake,Venomous,38.7148,-90.3461
Montana,Gopher Snake,Non Venomous,48.0272,-108.5518
Montana,Milksnake,Non Venomous,48.7723,-114.9008
Montana,Eastern Racer,Non Venomous,48.8045,-105.1736
Montana,Rubber Boa,Non Venomous,47.3533,-111.1698
Montana,Common Garter Snake,Non Venomous,46.0988,-108.8789
Montana,Terrestrial Garter Snake,Non Venomous,47.5287,-114.1005
Montana,Plains Garter Snake,Non Venomous,48.7062,-115.8741
Montana,Smooth Greensnake,Non Venomous,45.6026,-107.4591
Montana,Western Hog-nosed Snake,Non Venomous,47.0326,-114.3397
Montana,Prairie Rattlesnake,Venomous,47.6946,-114.6408
Montana,Western Rattlesnake,Venomous,47.6886,-114.1411
Nebraska,Western Worm Snake,Non Venomous,42.8313,-98.4668
Nebraska,Prairie Ring-necked Snake,Non Venomous,40.5104,-96.1617
Nebraska,Eastern Hog-nosed Snake,Non Venomous,42.0574,-96.5128
Nebraska,Western Hog-nosed Snake,Non Venomous,40.4149,-97.5871
Nebraska,Western Smooth Green Snake,Non Venomous,41.3215,-102.9743
Nebraska,Blue Racer,Non Venomous,41.2222,-99.2987
Nebraska,Western Coachwhip,Non Venomous,41.78,-99.1341
Nebraska,Prairie Rat Snake,Non Venomous,42.0328,-97.4209
Nebraska,Pilot Black Snake,Non Venomous,40.1036,-99.3655
Nebraska,Western Fox Snake,Non Venomous,41.6639,-103.0962
Nebraska,Faded Snake,Non Venomous,41.9641,-103.9247
Nebraska,Bullsnake,Non Venomous,42.2665,-96.8632
Nebraska,Prairie King Snake,Non Venomous,40.5733,-99.7409
Nebraska,Speckled King Snake,Non Venomous,42.4555,-97.4698
Nebraska,Western Milk Snake,Non Venomous,41.2342,-103.4867
Nebraska,Grahams Water Snake,Non Venomous,41.1316,-101.5853
Nebraska,Common Water Snake,Non Venomous,40.4809,-96.9646
Nebraska,DeKays Snake,Non Venomous,41.5484,-98.5305
Nebraska,Wandering Garter Snake,Non Venomous,40.3217,-97.2983
Nebraska,Plains Garter Snake,Non Venomous,42.0432,-101.0444
Nebraska,Western Ribbon Snake,Non Venomous,40.9276,-99.3901
Nebraska,Red-sidded Garter Snake,Non Venomous,40.7065,-100.2155
Nebraska,Lined Snake,Non Venomous,40.6255,-96.9575
Nebraska,Black-headed Tantilla,Non Venomous,40.0864,-98.5222
Nebraska,The prairie rattlesnake,Venomous,40.1313,-99.5945
Nebraska,Timber rattlesnake,Venomous,42.6901,-96.9807
Nebraska,Western massasauga,Venomous,40.2776,-99.7763
Nebraska,Copperhead,Venomous,40.2849,-96.534
Nevada,Western terrestrial Garter Snake,Non Venomous,36.288,-115.0901
Nevada,The Common Garter Snake,Non Venomous,40.6451,-119.3614
Nevada,The Sierra Garter Snake,Non Venomous,37.952,-114.4434
Nevada,The Mexican Garter Snake,Non Venomous,40.4199,-116.5753
Nevada,Western Threadsnake,Non Venomous,35.8303,-115.4291
Nevada,Glossy Snake,Non Venomous,38.9536,-119.6511
Nevada,Desert Glossy Snake,Non Venomous,41.49,-117.5323
Nevada,Mojave Shovel-nosed Snake,Non Venomous,41.9656,-117.6392
Nevada,Nevada Shovel-nosed Snake,Non Venomous,40.9645,-117.7247
Nevada,Western Shovel-nose Snake,Non Venomous,39.0082,-119.9307
Nevada,Western Yellow-Bellied Racer,Non Venomous,41.0286,-114.4763
Nevada,Coachwhip,Non Venomous,38.6468,-118.7572
Nevada,Red Racer,Non Venomous,37.7889,-114.3997
Nevada,Ringneck Snake,Non Venomous,35.2996,-114.8778
Nevada,Desert Night snake,Non Venomous,36.7708,-114.6473
Nevada,Common Kingsnake,Non Venomous,35.4828,-114.9157
Nevada,California Kingsnake,Non Venomous,39.2639,-119.9453
Nevada,Arizona Mountain Kingsnake,Non Venomous,38.8655,-117.9238
Nevada,Sonoran Mountain Kingsnake,Non Venomous,36.0163,-115.2207
Nevada,Striped Whip snake (Coluber taeniatus),Non Venomous,37.9771,-114.2289
Nevada,Spotted Leaf-Nosed Snake,Non Venomous,38.939,-119.7369
Nevada,Western Leaf-nosed Snake,Non Venomous,40.7407,-114.0783
Nevada,Gopher Snake,Non Venomous,37.7104,-114.4685
Nevada,Great Basin Gopher Snake,Non Venomous,39.0626,-119.9294
Nevada,Long-Nosed Snake,Non Venomous,38.6976,-119.5427
Nevada,Western Patch-Nosed Snake,Non Venomous,38.8912,-119.6833
Nevada,Mojave Patch-nosed Snake,Non Venomous,41.9166,-116.1822
Nevada,Western Ground Snake,Non Venomous,39.3075,-119.6483
Nevada,Smiths Black-headed Snake,Non Venomous,38.8872,-119.7426
Nevada,Lyre Snake,Non Venomous,39.0256,-119.8309
Nevada,Sonoran Lyre snake,Non Venomous,39.6927,-119.9775
Nevada,California Lyre snake,Non Venomous,38.9366,-118.7925
Nevada,The sidewinder,Venomous,36.0807,-115.1369
Nevada,Western diamondback rattlesnake,Venomous,39.6177,-119.8231
Nevada,Great Basin rattlesnake,Venomous,39.4151,-118.7165
Nevada,Panamint Rattlesnake,Venomous,36.9352,-116.7025
Nevada,Speckled rattlesnake,Venomous,38.9937,-119.9233
Nevada,Mojave green rattlesnake,Venomous,39.2639,-119.6356
New Hampshire,Garter snake,Non Venomous,43.2534,-70.8856
New Hampshire,Ribbon snake,Non Venomous,42.9494,-72.2997
New Hampshire,Brown snake,Non Venomous,43.443,-71.5937
New Hampshire,Northern red-bellied snake,Non Venomous,43.2232,-71.7129
New Hampshire,Ringneck snake,Non Venomous,43.1469,-72.4459
New Hampshire,Smooth green snake,Non Venomous,43.4499,-71.6691
New Hampshire,Milk snake,Non Venomous,44.4869,-71.2599
New Hampshire,Eastern hognose snake-State Endangered,Non Venomous,42.8707,-72.3225
New Hampshire,Northern black racer - State Threatened,Non Venomous,44.0524,-71.1247
New Hampshire,Timber rattlesnake - State Endangered,Venomous,42.885,-70.8234
New Hampshire,Northern water snake,Non Venomous,43.7233,-71.3623
New Jersey,Eastern worm snake,Non Venomous,40.8247,-74.0613
New Jersey,Northern Scarlet Snake,Non Venomous,40.6774,-75.1558
New Jersey,Northern Black Racer,Non Venomous,40.5361,-74.5745
New Jersey,Southern Ringneck Snake,Non Venomous,40.2236,-74.7641
New Jersey,Northern ringneck snake,Non Venomous,38.9765,-74.9516
New Jersey,Kornnatter.jpg Elaphe guttata guttata corn snake,Non Venomous,41.0529,-74.0499
New Jersey,Black rat snake,Non Venomous,40.4489,-74.2495
New Jersey,Eastern hognose snake,Non Venomous,40.6159,-74.772
New Jersey,Eastern kingsnake,Non Venomous,40.8222,-74.8502
New Jersey,milk snake,Non Venomous,40.3311,-74.5937
New Jersey,Eastern milk snake,Non Venomous,39.8969,-75.089
New Jersey,Northern water snake,Non Venomous,40.6048,-74.615
New Jersey,Rough green snake,Non Venomous,40.2324,-74.2943
New Jersey,Smooth green snake,Non Venomous,40.5669,-74.2475
New Jersey,Queen snake,Non Venomous,40.9615,-73.9199
New Jersey,Northern pine snake,Non Venomous,40.0384,-74.1678
New Jersey,Northern brown snake,Non Venomous,40.192,-74.7022
New Jersey,Northern red-bellied snake,Non Venomous,40.9236,-73.9982
New Jersey,Eastern ribbon snake,Non Venomous,40.3949,-74.3919
New Jersey,Eastern smooth earth snake,Non Venomous,40.8784,-74.0814
New Jersey,Northern copperhead,Venomous,40.9628,-74.1844
New Jersey,Timber rattlesnake,Venomous,39.9199,-75.0093
New Mexico,New Mexico Blind Snake,Non Venomous,34.7687,-106.6447
New Mexico,Trans-Pecos Blind Snake,Non Venomous,36.7041,-105.4064
New Mexico,Kansas Glossy Snake,Non Venomous,35.9451,-104.1963
New Mexico,Painted Desert Glossy Snake,Non Venomous,33.8609,-103.1071
New Mexico,Northern Trans-Pecos Rat Snake,Non Venomous,35.2366,-106.6191
New Mexico,Sonoran Whipsnake,Non Venomous,35.3037,-105.3913
New Mexico,Eastern Yellow-bellied Racer,Non Venomous,32.3748,-108.7161
New Mexico,Western Yellow-bellied Racer,Non Venomous,35.8464,-105.9948
New Mexico,Lined Coachwhip,Non Venomous,35.0609,-106.4587
New Mexico,Red Racer,Non Venomous,36.1769,-106.4245
New Mexico,Western Coachwhip,Non Venomous,35.3623,-104.2042
New Mexico,Desert Striped Whipsnake,Non Venomous,34.6459,-106.7164
New Mexico,Prairie Ringneck Snake,Non Venomous,35.0659,-107.5676
New Mexico,Regal Ringneck Snake,Non Venomous,35.1308,-107.4368
New Mexico,Chihuahuan Hook-nosed Snake,Non Venomous,32.3161,-107.7602
New Mexico,Mexican Hog-nosed Snake,Non Venomous,36.2834,-108.7082
New Mexico,Plains Hog-nosed Snake,Non Venomous,36.1151,-106.0371
New Mexico,Eastern Hog-nosed Snake,Non Venomous,35.3273,-105.4354
New Mexico,Texas Nightsnake,Non Venomous,36.59,-105.4369
New Mexico,Gray-Banded Kingsnake,Non Venomous,35.989,-105.9987
New Mexico,California Kingsnake,Non Venomous,34.2183,-106.9151
New Mexico,Desert Kingsnake,Non Venomous,36.6942,-108.3704
New Mexico,Arizona Mountain Kingsnake,Non Venomous,32.167,-106.6885
New Mexico,New Mexico Milksnake,Non Venomous,36.7398,-107.9733
New Mexico,Blotched Water Snake,Non Venomous,35.0534,-107.561
New Mexico,Western Smooth Green Snake,Non Venomous,34.1095,-107.2319
New Mexico,Great Plains Rat Snake,Non Venomous,32.7773,-108.154
New Mexico,Sonoran Gopher Snake,Non Venomous,35.8926,-106.2862
New Mexico,Great Basin Gopher Snake,Non Venomous,33.6757,-108.7768
New Mexico,Bullsnake,Non Venomous,36.1922,-105.72
New Mexico,Western Long-nosed Snake,Non Venomous,35.7009,-107.0431
New Mexico,Big Bend Patch-nose Snake,Non Venomous,35.0708,-108.8484
New Mexico,Northern Green Rat Snake,Non Venomous,35.1982,-106.7024
New Mexico,Variable Ground Snake,Non Venomous,36.5215,-105.586
New Mexico,Smiths Black-Headed Snake,Non Venomous,35.3127,-106.5537
New Mexico,Plains Black-Headed Snake,Non Venomous,35.688,-108.1494
New Mexico,Yaqui Black-Headed Snake,Non Venomous,34.6109,-106.7817
New Mexico,Western Blackneck Garter Snake,Non Venomous,33.5392,-105.5983
New Mexico,Wandering Garter Snake,Non Venomous,35.79,-104.9821
New Mexico,Brown (Mexican) Garter Snake,Non Venomous,32.1767,-104.3739
New Mexico,Checkered Gartersnake,Non Venomous,36.0128,-105.8566
New Mexico,Arid Land Ribbon Snake,Non Venomous,36.4329,-108.873
New Mexico,Plains Garter Snake,Non Venomous,36.8849,-104.4396
New Mexico,Narrow-Headed Garter Snake,Non Venomous,36.9934,-107.493
New Mexico,New Mexico Garter Snake,Non Venomous,32.8665,-108.2221
New Mexico,Sonoran Lyre Snake,Non Venomous,35.8144,-105.9198
New Mexico,Chihuahuan Lyre Snake,Non Venomous,35.8648,-106.0096
New Mexico,Lined Snake,Non Venomous,32.4465,-103.2009
New Mexico,Rock Rattlesnake,Venomous,35.1053,-106.6464
New Mexico,The Western Diamondback Rattlesnake,Venomous,35.9802,-106.0354
New Mexico,The Western (Prairie) Rattlesnake,Venomous,36.1648,-105.9857
New Mexico,The Mojave Rattlesnake,Venomous,33.9322,-103.3369
New Mexico,The Black-tailed Rattlesnake,Venomous,35.6615,-106.0149
New Mexico,The Massasauga,Venomous,35.2872,-106.6981
New Mexico,The Ridge-nose Rattlesnake,Venomous,33.2553,-103.3112
New Mexico,Sonoran Coral Snake,Venomous,35.9526,-106.0262
New Mexico,Arizona Black Rattlesnake,Venomous,32.1535,-106.7269
New Mexico,Banded Rock Rattlesnake,Venomous,36.7309,-106.5367
New Mexico,Mottled Rock Rattlesnake,Venomous,36.7555,-108.1823
New Mexico,New Mexico Ridge-Nosed Rattlesnake,Venomous,33.1864,-107.2589
New York,Common Garter snake,Non Venomous,40.799,-73.6491
New York,Eastern Milk snake,Non Venomous,43.0479,-75.2811
New York,Northern Brown snake,Non Venomous,42.0127,-76.7298
New York,Smoot Green snake,Non Venomous,42.1773,-74.0229
New York,Northern Red Belly snake,Non Venomous,41.5037,-74.0205
New York,Eastern Ribbon snake,Non Venomous,42.7511,-76.6994
New York,Northern Ringneck snake,Non Venomous,42.5838,-77.7915
New York,Black Rat snake,Non Venomous,40.6218,-73.7507
New York,Queen Snake,Non Venomous,44.6951,-73.4563
New York,Eastern Hognose Snake,Non Venomous,43.1451,-78.8777
New York,Eastern Worm snake,Non Venomous,42.3193,-77.7386
New York,Shorthead Garter snake,Non Venomous,44.2326,-74.4621
New York,Northern Water Snake,Non Venomous,40.933,-72.4047
New York,Eastern Massasuga,Venomous,42.335,-76.7881
New York,Timber Rattlesnak,Venomous,42.0747,-79.485
New York,Northern Copperhead,Venomous,41.7962,-74.7429
North Carolina,Worm Snake,Non Venomous,35.4193,-80.9999
North Carolina,Coachwhip,Non Venomous,35.8366,-78.8348
North Carolina,Southeastern Crowned Snake,Non Venomous,34.7498,-77.3209
North Carolina,Scarlet Snake,Non Venomous,34.283,-78.029
North Carolina,Redbelly Water Snake,Non Venomous,35.5955,-77.5913
North Carolina,Eastern Ribbon Snake,Non Venomous,35.4764,-80.6403
North Carolina,Racer,Non Venomous,36.4379,-76.3308
North Carolina,Banded Water Snake,Non Venomous,34.123,-77.8834
North Carolina,Eastern Garter Snake,Non Venomous,34.8263,-78.0259
North Carolina,Ringneck Snake,Non Venomous,35.9591,-78.2519
North Carolina,Northern Water Snake,Non Venomous,34.7996,-76.4641
North Carolina,Rough Earth Snake,Non Venomous,34.786,-77.3642
North Carolina,Corn Snake,Non Venomous,35.6142,-82.3275
North Carolina,Brown Water Snake,Non Venomous,35.7917,-78.4966
North Carolina,Smooth Earth Snake,Non Venomous,35.5344,-81.034
North Carolina,Rat Snake,Non Venomous,34.9003,-77.5427
North Carolina,Rough Green Snake,Non Venomous,34.4751,-79.037
North Carolina,Mud Snake,Non Venomous,35.3932,-80.6363
North Carolina,Pine Snake,Non Venomous,36.4475,-78.5689
North Carolina,Rainbow Snake,Non Venomous,34.4947,-79.1135
North Carolina,Glossy Crawfish Snake,Non Venomous,35.423,-77.5895
North Carolina,Eastern Hognose Snake,Non Venomous,35.8934,-75.7733
North Carolina,Queen Snake,Non Venomous,33.9011,-78.4393
North Carolina,Southern Hognose Snake,Non Venomous,35.2652,-81.0805
North Carolina,Pine Woods Snake,Non Venomous,34.6825,-78.9889
North Carolina,Mole Kingsnake,Non Venomous,36.1247,-79.4649
North Carolina,Carolina Swamp Snake,Non Venomous,35.7181,-81.4211
North Carolina,Eastern Kingsnake,Non Venomous,36.3944,-81.4898
North Carolina,Brown Snake,Non Venomous,35.1718,-83.1273
North Carolina,Redbelly Snake,Non Venomous,34.7691,-79.445
North Carolina,Northern Copperhead,Venomous,35.9436,-81.458
North Carolina,Southern Copperhead,Venomous,35.9896,-77.58
North Carolina,Canebrake Rattlesnake,Venomous,34.8891,-79.3652
North Carolina,Eastern Diamondback Rattlesnake,Venomous,36.0806,-79.1718
North Carolina,Pigmy Rattlesnake,Venomous,35.5288,-77.3994
North Carolina,Cottonmouth or Water Moccasin,Venomous,36.2469,-81.1142
North Carolina,Eastern Coral Snake,Venomous,35.4669,-78.1612
North Dakota,Bullsnake,Non Venomous,46.2658,-96.9988
North Dakota,Common Garter Snake,Non Venomous,47.9221,-97.0887
North Dakota,Plains Garter Snake,Non Venomous,46.9443,-100.9526
North Dakota,Racer,Non Venomous,47.6369,-97.4584
North Dakota,Redbelly Snake,Non Venomous,48.688,-97.6661
North Dakota,Smooth Green Snake,Non Venomous,46.0738,-97.1451
North Dakota,Western Hognose Snake,Non Venomous,47.5216,-100.8906
North Dakota,Prairie Rattlesnake,Venomous,46.3291,-99.0955
Ohio,Worm Snake,Non Venomous,41.4094,-81.5625
Ohio,Kirtlands Snake,Non Venomous,39.4016,-81.9549
Ohio,Nothern Black Racer,Non Venomous,39.7888,-81.5565
Ohio,Blue Racer,Non Venomous,41.3695,-81.8151
Ohio,Northern Ringneck Snake,Non Venomous,40.2701,-80.6318
Ohio,Eastern Hognose Snake,Non Venomous,39.1063,-84.3703
Ohio,Black Kingsnake,Non Venomous,40.2618,-81.848
Ohio,Eastern Milk Snake,Non Venomous,39.2123,-84.3001
Ohio,Copperbelly Water Snake,Non Venomous,41.3118,-81.345
Ohio,Northern Water Snake,Non Venomous,39.9295,-83.6139
Ohio,Lake Erie Water Snake,Non Venomous,40.0105,-80.8814
Ohio,Rough Green Snake,Non Venomous,40.4598,-83.0848
Ohio,Smooth Green Snake,Non Venomous,41.4387,-84.2554
Ohio,Eastern Fox Snake,Non Venomous,39.2151,-84.4555
Ohio,Black Rat Snake,Non Venomous,39.1432,-84.3971
Ohio,Queen Snake,Non Venomous,40.1504,-84.2438
Ohio,Brown Snake,Non Venomous,41.1386,-81.4344
Ohio,Northern Red-bellied Snake,Non Venomous,39.2171,-84.7095
Ohio,Butlers Garter Snake,Non Venomous,41.415,-81.919
Ohio,Shorthead Garter Snake,Non Venomous,40.0251,-82.8637
Ohio,Eastern Garter Snake,Non Venomous,40.379,-80.7095
Ohio,Eastern Plains Garter Snake,Non Venomous,40.516,-83.8875
Ohio,Ribbon Snake,Non Venomous,40.127,-83.9644
Ohio,Eastern Smooth Earth Snake,Non Venomous,39.95,-82.5985
Ohio,Northern Copperhead,Venomous,39.2338,-84.5474
Ohio,Eastern Massasauga Rattlesnake,Venomous,41.0349,-82.0123
Ohio,Eastern Timber Rattlesnake,Venomous,39.9682,-82.8833
Oklahoma,Glossy snake,Non Venomous,34.2909,-97.1255
Oklahoma,Worm snake,Non Venomous,36.4379,-99.2045
Oklahoma,Scarlet snake,Non Venomous,36.5791,-98.4578
Oklahoma,Racer,Non Venomous,36.9146,-95.8047
Oklahoma,Ring-neck snake,Non Venomous,35.9797,-96.7603
Oklahoma,Great plains rat snake,Non Venomous,36.8517,-100.0552
Oklahoma,Black rat snake,Non Venomous,33.8769,-96.16
Oklahoma,Mud snake,Non Venomous,35.5284,-97.6182
Oklahoma,Western hognose snake,Non Venomous,35.2569,-94.9225
Oklahoma,Eastern hognose snake,Non Venomous,34.3413,-98.8706
Oklahoma,Texas night snake,Non Venomous,34.9362,-98.1363
Oklahoma,Prairie kingsnake,Non Venomous,36.265,-99.8774
Oklahoma,Speckled and desert kingsnakes,Non Venomous,36.6788,-97.3281
Oklahoma,Milk snake,Non Venomous,36.9008,-95.9254
Oklahoma,Blind snake,Non Venomous,34.8392,-97.6105
Oklahoma,Coachwhip snake,Non Venomous,35.8061,-95.0438
Oklahoma,Yellow-bellied and blotched water snake,Non Venomous,36.5466,-98.2714
Oklahoma,Broad-banded water snake,Non Venomous,35.3525,-96.9647
Oklahoma,Diamond-back water snake,Non Venomous,35.9674,-94.6549
Oklahoma,Northern and midland water snake,Non Venomous,35.7769,-96.0279
Oklahoma,Keeled green snake,Non Venomous,36.3013,-94.9979
Oklahoma,Bullsnake,Non Venomous,36.0365,-95.7809
Oklahoma,Grahams water snake,Non Venomous,35.7975,-94.8656
Oklahoma,Glossy water snake,Non Venomous,36.6832,-98.4237
Oklahoma,Long-nosed snake,Non Venomous,34.1876,-96.997
Oklahoma,Great plains Ground Snake,Non Venomous,34.9227,-97.7763
Oklahoma,Brown snake,Non Venomous,35.156,-99.0594
Oklahoma,Texas brown snake,Non Venomous,35.4483,-97.4408
Oklahoma,Red bellied snake,Non Venomous,34.0008,-96.511
Oklahoma,Flat-headed snake,Non Venomous,36.6798,-97.0346
Oklahoma,Black-headed snake,Non Venomous,35.4508,-97.457
Oklahoma,Black-necked garter snake,Non Venomous,36.6364,-95.1769
Oklahoma,Wandering garter snake,Non Venomous,36.4556,-95.1292
Oklahoma,Checkered garter snake,Non Venomous,34.8662,-98.8759
Oklahoma,Western ribbon snake,Non Venomous,36.861,-101.2161
Oklahoma,Plains garter snake,Non Venomous,35.5468,-97.5444
Oklahoma,Red-sided and Texas garter snakes,Non Venomous,35.6699,-99.6003
Oklahoma,Lined snake,Non Venomous,36.7235,-97.0679
Oklahoma,Rough earth snake,Non Venomous,36.9379,-96.6488
Oklahoma,Smooth earth snake,Non Venomous,35.6821,-94.7177
Oklahoma,Osage Copperhead,Venomous,35.6341,-95.2013
Oklahoma,Broad-banded Copperhead,Venomous,34.4826,-96.4367
Oklahoma,Southern Copperhead,Venomous,35.978,-97.0299
Oklahoma,Western Cottonmouth,Venomous,35.9324,-97.263
Oklahoma,Western diamond- back rattlesnake,Venomous,36.4061,-97.8701
Oklahoma,Timber rattlesnake,Venomous,35.895,-96.8702
Oklahoma,Prairie rattlesnake,Venomous,34.2407,-96.7566
Oklahoma,Western massasauga,Venomous,34.4977,-96.9899
Oklahoma,Western pigmy rattlesnake,Venomous,35.1278,-94.6687
Oklahoma,Desert Massasauga,Venomous,36.394,-94.716
Oregon,Rubber Boa,Non Venomous,45.9348,-118.3913
Oregon,Racer,Non Venomous,44.8551,-123.1948
Oregon,Sharptail Snake,Non Venomous,43.7329,-124.1068
Oregon,Ringneck Snake,Non Venomous,42.4419,-121.2716
Oregon,Night Snake,Non Venomous,44.3578,-121.6589
Oregon,Common Kingsnake,Non Venomous,45.4866,-117.4294
Oregon,California Mountain Kingsnake,Non Venomous,44.698,-123.4265
Oregon,Striped Whipsnake,Non Venomous,45.03,-117.9205
Oregon,Pacific Gopher Snake,Non Venomous,44.1881,-121.1817
Oregon,Western Ground Snake,Non Venomous,45.2006,-123.8842
Oregon,Santa Cruz Garter Snake,Non Venomous,44.9123,-117.9396
Oregon,Western Terrestrial Garter Snake,Non Venomous,45.5613,-122.837
Oregon,Northwestern Garter Snake,Non Venomous,42.886,-124.0735
Oregon,Common Garter Snake,Non Venomous,42.9704,-123.1658
Oregon,Pit Vipers and Vipers,Non Venomous,45.4642,-122.7589
Oregon,Great Basin Rattlesnake,Venomous,44.8091,-124.0599
Oregon,Northern Pacific Rattlesnake,Venomous,45.4258,-117.2789
Pennsylvania,Eastern Worm Snake,Non Venomous,39.9343,-75.5306
Pennsylvania,Kirtlands Snake,Non Venomous,40.1873,-75.4581
Pennsylvania,Northern Black Racer,Non Venomous,40.8998,-75.3179
Pennsylvania,Northern Ringneck Snake,Non Venomous,40.5165,-75.5545
Pennsylvania,Eastern Ratsnake,Non Venomous,40.8266,-77.8226
Pennsylvania,Eastern Hognose Snake,Non Venomous,40.417,-80.0544
Pennsylvania,Eastern Milksnake,Non Venomous,40.8249,-77.885
Pennsylvania,Northern Water Snake,Non Venomous,39.8248,-75.7819
Pennsylvania,Rough Green Snake,Non Venomous,40.4252,-79.8545
Pennsylvania,Queen Snake,Non Venomous,40.8745,-78.7274
Pennsylvania,Northern Brown Snake,Non Venomous,41.6119,-76.0458
Pennsylvania,Northern Redbelly Snake,Non Venomous,40.0188,-79.891
Pennsylvania,Shorthead Garter Snake,Non Venomous,41.4846,-75.666
Pennsylvania,Eastern Ribbon Snake,Non Venomous,40.2311,-77.0727
Pennsylvania,Eastern Garter Snake,Non Venomous,40.6302,-76.3912
Pennsylvania,Eastern Smooth Earth Snake,Non Venomous,41.1615,-79.0827
Pennsylvania,Mountain Earth Snake,Non Venomous,40.5549,-77.6168
Pennsylvania,Smooth Green Snake,Non Venomous,40.1559,-75.8304
Pennsylvania,Copperhead,Venomous,40.3711,-75.6306
Pennsylvania,Timber Rattlesnake,Venomous,40.2141,-76.1605
Pennsylvania,Eastern Massasauga,Venomous,41.0026,-76.4561
Rhode Island,Northern Black Racer,Non Venomous,41.5151,-71.72
Rhode Island,Eastern Smooth Green Snake,Non Venomous,41.3157,-71.8486
Rhode Island,Eastern Ribbon Snake,Non Venomous,41.4625,-71.6585
Rhode Island,Eastern Milk Snake,Non Venomous,41.89,-71.3934
Rhode Island,Eastern Garter Snake,Non Venomous,41.3447,-71.7059
Rhode Island,Northern Brown Snake,Non Venomous,41.7734,-71.6854
Rhode Island,Eastern Hognose Snake,Non Venomous,41.4803,-71.3205
Rhode Island,Northern Water Snake,Non Venomous,41.5587,-71.2953
Rhode Island,Black Rat Snake,Non Venomous,41.5143,-71.6903
Rhode Island,Northern Ringneck Snake,Non Venomous,41.4461,-71.5004
Rhode Island,Eastern Worm Snake,Non Venomous,41.8065,-71.3565
Rhode Island,Northern Redbelly Snake,Non Venomous,41.3237,-71.822
Rhode Island,Northern Copperhead,Venomous,41.6988,-71.7339
Rhode Island,Timber Rattlesnake,Venomous,41.88,-71.5549
South Carolina,Eastern Worm Snake,Non Venomous,33.7401,-81.8404
South Carolina,Scarlet snake,Non Venomous,33.8497,-81.6097
South Carolina,Black racer,Non Venomous,34.8821,-82.3336
South Carolina,Northern ringneck snake,Non Venomous,33.5274,-81.8145
South Carolina,Southern ringneck snake,Non Venomous,33.5301,-80.5712
South Carolina,Corn snake,Non Venomous,32.9593,-81.2363
South Carolina,Black rat snake,Non Venomous,34.6266,-82.3881
South Carolina,Yellow rate snake,Non Venomous,34.4143,-80.3487
South Carolina,Eastern mud snake,Non Venomous,34.6439,-81.8584
South Carolina,Rainbow Snake,Non Venomous,34.3766,-82.3467
South Carolina,Eastern hognose snake,Non Venomous,32.7768,-80.2272
South Carolina,Southern hognose snake,Non Venomous,34.2681,-81.4196
South Carolina,Mole king snake,Non Venomous,33.8149,-79.4444
South Carolina,Eastern king snake,Non Venomous,34.6438,-79.5867
South Carolina,Scarlet King snake,Non Venomous,34.866,-82.105
South Carolina,Eastern milk snake,Non Venomous,34.5753,-80.9048
South Carolina,Eastern coachwhip,Non Venomous,33.5187,-81.8634
South Carolina,Redbelly water snake,Non Venomous,33.8573,-81.7313
South Carolina,Banded water snake,Non Venomous,34.9609,-81.9929
South Carolina,Florida green water snake,Non Venomous,32.9922,-80.0052
South Carolina,Banded water snake,Non Venomous,34.2823,-79.4723
South Carolina,Midland water snake,Non Venomous,33.4366,-80.42
South Carolina,Northern water snake,Non Venomous,33.0093,-80.1078
South Carolina,Brown water snake,Non Venomous,34.9315,-82.2316
South Carolina,Rough green snake,Non Venomous,34.7922,-81.4614
South Carolina,Pine snake,Non Venomous,34.0324,-80.9717
South Carolina,RGlossy crayfish snake,Non Venomous,34.7291,-82.2572
South Carolina,Queen snake,Non Venomous,33.2419,-81.3659
South Carolina,Pine woods snake,Non Venomous,32.6812,-81.1877
South Carolina,Carolina swamp snake,Non Venomous,34.819,-82.5828
South Carolina,Brown snake,Non Venomous,33.9458,-81.0433
South Carolina,Florida redbelly snake,Non Venomous,32.6024,-80.1935
South Carolina,Redbelly Snake,Non Venomous,34.6304,-79.6874
South Carolina,Northern redbelly snake,Non Venomous,34.952,-81.3436
South Carolina,Southeastern crowned snake,Non Venomous,33.6092,-78.9772
South Carolina,Peninsula ribbon snake,Non Venomous,34.6433,-82.4588
South Carolina,Eastern ribbon snake,Non Venomous,33.6013,-80.3527
South Carolina,Eastern garter snake,Non Venomous,32.7718,-80.477
South Carolina,Rough earth snake,Non Venomous,32.9824,-79.646
South Carolina,Eastern smooth earth snake,Non Venomous,32.7524,-80.2105
South Carolina,Northern Copperhead,Venomous,34.7324,-82.4408
South Carolina,Southern Copperhead,Venomous,34.4912,-82.2957
South Carolina,Eastern diamondback,Venomous,33.9721,-79.749
South Carolina,Timber rattlesnake,Venomous,33.0362,-81.2223
South Carolina,Eastern coral snake,Venomous,33.0079,-80.156
South Carolina,Dusky pigmy rattlesnake,Venomous,34.7003,-80.8991
South Carolina,Carolina pigmy rattlesnake,Venomous,33.0986,-81.208
South Carolina,Eastern Cottonmouth Snake,Venomous,35.1351,-82.0003
South Carolina,Eastern Coral snake,Venomous,32.6692,-79.95
South Dakota,Black Hills Redbelly Snake,Non Venomous,43.3061,-100.5948
South Dakota,Brown Snake,Non Venomous,43.4236,-97.2605
South Dakota,Bullsnake,Non Venomous,45.4965,-97.4932
South Dakota,Common Garter Snake,Non Venomous,45.2746,-100.9012
South Dakota,Eastern Hognose Snake,Non Venomous,44.0009,-97.3598
South Dakota,Eastern Yellow-Bellied Racer,Non Venomous,45.6832,-100.7967
South Dakota,Fox Snake,Non Venomous,45.8557,-96.9173
South Dakota,Lined Snake,Non Venomous,43.9071,-100.0583
South Dakota,Milk Snake,Non Venomous,45.3349,-97.205
South Dakota,Plains Garter Snake,Non Venomous,44.9987,-96.9742
South Dakota,Plains Hognose Snake,Non Venomous,43.1559,-98.5362
South Dakota,Redbelly Snake,Non Venomous,43.4313,-103.4836
South Dakota,RingneckSnake,Non Venomous,44.2834,-96.6854
South Dakota,Smooth Green Snake,Non Venomous,44.5899,-97.4673
South Dakota,Wandering Garter,Non Venomous,45.4279,-101.0747
South Dakota,Water Snake,Non Venomous,43.5272,-98.5894
South Dakota,Prairie Rattlesnake,Venomous,44.411,-103.4976
Tennessee,Coachwhip,Non Venomous,35.1878,-85.1958
Tennessee,Common Gartersnake,Non Venomous,35.6536,-88.8353
Tennessee,Common Kingsnake,Non Venomous,36.5204,-82.7151
Tennessee,Dekays Brownsnake,Non Venomous,35.0579,-86.2689
Tennessee,Diamond-backed Watersnake,Non Venomous,35.2007,-85.3685
Tennessee,Eastern Hog-nosed Snake,Non Venomous,36.3862,-89.4674
Tennessee,Eastern Ribbonsnake,Non Venomous,35.8073,-83.9752
Tennessee,Eastern Wormsnake,Non Venomous,36.3875,-85.3265
Tennessee,Gray Ratsnake,Non Venomous,35.0794,-87.4402
Tennessee,Kirtlands Snake,Non Venomous,35.3274,-89.6066
Tennessee,Milksnake,Non Venomous,36.3781,-88.4789
Tennessee,Mississippi Green Watersnake,Non Venomous,35.8761,-83.7742
Tennessee,North American Racer,Non Venomous,35.0611,-89.3893
Tennessee,Northern Red-bellied Snake,Non Venomous,35.8813,-84.5716
Tennessee,Northern Watersnake,Non Venomous,36.5679,-82.2656
Tennessee,Pinesnake,Non Venomous,36.5938,-86.7015
Tennessee,Plain-bellied Watersnake,Non Venomous,36.2174,-88.6107
Tennessee,Queensnake,Non Venomous,35.5188,-88.2526
Tennessee,Red-bellied Mud Snake,Non Venomous,36.0219,-84.4414
Tennessee,"Red Cornsnake (Red ratsnake, Cornsnake)",Non Venomous,35.7998,-83.8686
Tennessee,Ring-necked Snake,Non Venomous,36.1222,-82.4202
Tennessee,Rough Earthsnake,Non Venomous,36.2607,-89.4808
Tennessee,Rough Greensnake,Non Venomous,36.4381,-83.6053
Tennessee,Scarlet Kingsnake,Non Venomous,36.342,-89.1583
Tennessee,Scarletsnake,Non Venomous,35.1585,-89.3754
Tennessee,Smooth Earthsnake,Non Venomous,36.3149,-85.5321
Tennessee,Southeastern Crowned Snake,Non Venomous,35.8493,-86.4117
Tennessee,Southern Watersnake,Non Venomous,35.8247,-86.0724
Tennessee,Western Ribbonsnake,Non Venomous,35.9815,-87.1293
Tennessee,Yellow-bellied Kingsnake,Non Venomous,35.534,-86.0832
Tennessee,Copperhead,Venomous,36.5301,-85.8481
Tennessee,Timber Rattlesnake,Venomous,36.4765,-89.1103
Tennessee,Western Cottonmouth,Venomous,36.011,-88.6206
Tennessee,Western Pigmy Rattlesnake,Venomous,35.3685,-89.5718
Texas,Glossy Snake,Non Venomous,33.4275,-96.3407
Texas,Trans-Pecos Ratsnake,Non Venomous,26.2585,-98.5787
Texas,Western Wormsnake,Non Venomous,32.9324,-96.2471
Texas,Scarletsnake,Non Venomous,29.0455,-95.5673
Texas,Eastern Racer,Non Venomous,32.5509,-98.4979
Texas,Regal Black-striped Snake,Non Venomous,33.5703,-97.0129
Texas,Ring-necked Snake,Non Venomous,31.811,-106.1643
Texas,Central American Indigo Snake,Non Venomous,26.0566,-97.4235
Texas,Speckled Racer,Non Venomous,35.7026,-101.5317
Texas,Red-bellied Mudsnake,Non Venomous,32.4885,-97.8357
Texas,Tamaulipan Hook-nosed Snake,Non Venomous,33.6689,-95.5462
Texas,Chihuahuan Hook-nosed Snake,Non Venomous,31.1965,-98.7244
Texas,Mexican Hog-nosed Snake,Non Venomous,26.9027,-99.2612
Texas,Plains Hog-nosed Snake,Non Venomous,30.877,-96.5956
Texas,Eastern Hog-nosed Snake,Non Venomous,32.7508,-97.6999
Texas,Chihuahuan Nightsnake,Non Venomous,29.0516,-95.4521
Texas,Gray-banded Kingsnake,Non Venomous,26.3859,-98.899
Texas,Prairie Kingsnake,Non Venomous,32.1315,-101.7928
Texas,Common Kingsnake,Non Venomous,28.5277,-97.7831
Texas,Milksnake,Non Venomous,31.8249,-98.7895
Texas,Cat-eyed Snake,Non Venomous,26.4221,-98.7529
Texas,Coachwhip,Non Venomous,26.4753,-98.9333
Texas,Schotts Whipsnake,Non Venomous,28.9978,-95.3282
Texas,Striped Whipsnake,Non Venomous,30.364,-103.6651
Texas,Saltmarsh Snake,Non Venomous,30.1811,-95.155
Texas,Mississippi Green Watersnake,Non Venomous,27.2236,-97.7951
Texas,Plain-bellied Watersnake,Non Venomous,26.3337,-98.7017
Texas,Southern Watersnake,Non Venomous,32.3075,-96.0138
Texas,Brazos River Watersnake,Non Venomous,31.2345,-94.7665
Texas,Concho Watersnake,Non Venomous,34.2791,-101.8968
Texas,Diamond-backed Watersnake,Non Venomous,32.4311,-97.1021
Texas,Northern Watersnake,Non Venomous,29.5603,-104.3653
Texas,Rough Greensnake,Non Venomous,33.7835,-97.7302
Texas,Smooth Greensnake,Non Venomous,30.2819,-97.2448
Texas,Bairds Ratsnake,Non Venomous,30.4298,-98.3609
Texas,Great Plains Ratsnake,Non Venomous,30.1508,-102.408
Texas,Cornsnake,Non Venomous,33.133,-97.3014
Texas,Eastern Ratsnake,Non Venomous,32.2136,-98.6721
Texas,Gophersnake,Non Venomous,31.1993,-99.5809
Texas,Louisiana Pinesnake,Non Venomous,31.8662,-94.9833
Texas,Grahams Crayfish Snake,Non Venomous,28.4463,-96.4205
Texas,Glossy Crayfish Snake,Non Venomous,32.1419,-97.3972
Texas,Long-nosed Snake,Non Venomous,32.0925,-96.7174
Texas,Big Bend Patch-nosed Snake,Non Venomous,30.047,-94.7908
Texas,Eastern Patch-nosed Snake,Non Venomous,30.1464,-94.6422
Texas,Groundsnake,Non Venomous,26.1309,-97.9687
Texas,DeKays Brownsnake,Non Venomous,32.0105,-102.3587
Texas,Red-bellied Brownsnake,Non Venomous,32.2686,-94.9297
Texas,Mexican Black-headed Snake,Non Venomous,30.1501,-95.3217
Texas,Trans-Pecos Black-headed Snake,Non Venomous,33.6901,-101.9893
Texas,Flat-headed Snake,Non Venomous,30.0996,-96.0781
Texas,Smiths Black-headed Snake,Non Venomous,33.5523,-94.7804
Texas,Plains Black-headed Snake,Non Venomous,32.5426,-94.9465
Texas,Black-necked Gartersnake,Non Venomous,30.0522,-94.3332
Texas,Checkered Gartersnake,Non Venomous,30.2903,-99.2459
Texas,Western Ribbonsnake,Non Venomous,30.8926,-102.8847
Texas,Plains Gartersnake,Non Venomous,28.7221,-99.8327
Texas,Common Gartersnake,Non Venomous,32.3159,-94.5189
Texas,Texas Gartersnake,Non Venomous,29.4793,-95.3658
Texas,Chihuahuan Lyresnake,Non Venomous,26.2009,-97.7296
Texas,Lined Snake,Non Venomous,26.3519,-98.7595
Texas,Rough Earthsnake,Non Venomous,31.7897,-96.461
Texas,Smooth Earthsnake,Non Venomous,26.2005,-97.8445
Texas,New Mexico Threadsnake,Non Venomous,27.8094,-97.8455
Texas,Plains Threadsnake,Non Venomous,32.917,-96.4377
Texas,Western Threadsnake,Non Venomous,32.2871,-96.0888
Texas,Brahminy Blind Snake,Non Venomous,26.1708,-97.8441
Texas,Copperhead,Venomous,33.2253,-96.9371
Texas,Cottonmouth,Venomous,31.0252,-95.7539
Texas,Western Diamondback Rattlesnake,Venomous,25.998,-97.4565
Texas,Timber Rattlesnake,Venomous,32.4583,-97.3851
Texas,Rock Rattlesnake,Venomous,29.546,-95.822
Texas,Black-tailed Rattlesnake,Venomous,33.2099,-97.7709
Texas,Mojave Rattlesnake,Venomous,26.5254,-99.0999
Texas,Prairie Rattlesnake,Venomous,26.075,-97.4877
Texas,Massasauga,Venomous,34.012,-102.4147
Texas,Pygmy Rattlesnake,Venomous,32.5472,-99.1666
Texas,Texas Coralsnake,Venomous,26.2727,-97.8276
Utah,Wandering Garter Snake,Non Venomous,41.1717,-112.048
Utah,Valley Garter Snake,Non Venomous,40.6813,-111.2829
Utah,Blacknecked Garter Snake,Non Venomous,37.0262,-112.5219
Utah,Mojave Patchnosed Snake,Non Venomous,41.7033,-111.8122
Utah,Striped Whipsnake,Non Venomous,40.9846,-111.9064
Utah,Yellow Bellied Racer,Non Venomous,41.7101,-111.9778
Utah,Red Coachwhip,Non Venomous,40.0054,-111.7474
Utah,Smooth Green Snake,Non Venomous,40.3695,-109.3556
Utah,Regal Ringneck Snake,Non Venomous,38.9201,-111.934
Utah,Southwestern Blackheaded Snake,Non Venomous,41.5678,-111.833
Utah,Spotted Leafnose Snake,Non Venomous,40.8983,-111.908
Utah,Utah Blind Snake,Non Venomous,40.3448,-111.9153
Utah,Rubber Boa,Non Venomous,41.6124,-112.125
Utah,Ground Snake,Non Venomous,41.0864,-112.0697
Utah,Western Longnose Snake,Non Venomous,38.5135,-111.8822
Utah,Utah Milk Snake,Non Venomous,37.205,-109.1623
Utah,Utah Mountain Kingsnake,Non Venomous,40.3414,-112.1086
Utah,California Kingsnake,Non Venomous,40.0353,-111.7404
Utah,Great Basin Gophersnake,Non Venomous,41.3249,-112.0011
Utah,Great Plains Ratsnake,Non Venomous,38.8863,-112.4072
Utah,Desert Glossy Snake,Non Venomous,37.7663,-113.0431
Utah,Painted Desert Glossy Snake,Non Venomous,39.5085,-112.3933
Utah,Sonoran Lyre Snake,Non Venomous,41.1683,-111.9783
Utah,Desert Night Snake,Non Venomous,41.923,-111.8076
Utah,Mesa Verde Night Snake,Non Venomous,41.1334,-111.9392
Utah,Great Basin Rattlesnake,Venomous,40.4733,-111.2533
Utah,Midget Faded Rattlesnake,Venomous,40.4721,-109.9413
Utah,Prarie Rattlesnake,Venomous,38.3077,-111.4268
Utah,Hopi Rattlesnake,Venomous,40.9152,-111.3942
Utah,Mojave Rattlesnake,Venomous,37.2373,-113.3471
Utah,Speckled Rattlesnake,Venomous,41.3124,-111.9585
Utah,Mojave Sidewinder,Venomous,38.6325,-109.3966
Utah,Grand Canyon Rattlesnake,Venomous,40.6318,-111.2244
Vermont,Common Gartersnake,Non Venomous,44.4877,-73.2314
Vermont,Milksnake,Non Venomous,43.33,-72.5262
Vermont,Red-bellied Snake,Non Venomous,44.9509,-72.3043
Vermont,Ring-necked Snake,Non Venomous,44.1664,-73.2555
Vermont,DeKays Brownsnake,Non Venomous,45.0008,-72.1034
Vermont,Smooth Greensnake,Non Venomous,44.1617,-72.4722
Vermont,Northern Watersnake,Non Venomous,44.6431,-71.9791
Vermont,Eastern Ribbonsnake,Non Venomous,44.4622,-73.2203
Vermont,Eastern Ratsnake,Non Venomous,43.5181,-73.236
Vermont,North American Racer,Non Venomous,44.6366,-72.6786
Vermont,Eastern Hog-nosed Snake,Non Venomous,43.673,-72.3109
Vermont,Timber Rattlesnake,Venomous,44.9963,-72.4038
Virginia,Eastern Wormsnake,Non Venomous,38.6473,-77.3459
Virginia,Northern Scarletsnake,Non Venomous,38.6917,-77.3506
Virginia,Northern Black Racer,Non Venomous,37.6133,-77.4768
Virginia,Northern Ring-necked Snake,Non Venomous,37.3866,-79.7253
Virginia,Southern Ring-necked Snake,Non Venomous,37.9299,-75.662
Virginia,Eastern Mudsnake,Non Venomous,37.0676,-80.4405
Virginia,Common Rainbow Snake,Non Venomous,38.7394,-78.6513
Virginia,Eastern hog-nosed Snake,Non Venomous,37.7798,-75.6803
Virginia,Mole Kingsnake,Non Venomous,37.5532,-75.7368
Virginia,Eastern Kingsnake,Non Venomous,39.1319,-77.7681
Virginia,Eastern Black Kingsnake,Non Venomous,38.7773,-77.2633
Virginia,Scarlet Kingsnake,Non Venomous,38.8531,-77.2997
Virginia,Eastern Milksnake,Non Venomous,36.839,-78.7284
Virginia,Plain-bellied Water Snake,Non Venomous,38.1266,-78.4386
Virginia,Northern Watersnake,Non Venomous,36.666,-80.9176
Virginia,Brown Watersnake,Non Venomous,38.9133,-77.3969
Virginia,Northern Rough Greensnake,Non Venomous,38.8121,-77.6363
Virginia,Smooth Greensnake,Non Venomous,38.7466,-77.2754
Virginia,Eastern Ratsnake,Non Venomous,38.7812,-77.4817
Virginia,Red Cornsnake,Non Venomous,37.7458,-77.1315
Virginia,Northern Pinesnake,Non Venomous,37.1233,-79.6971
Virginia,Glossy Crayfish Snake,Non Venomous,37.3783,-79.8206
Virginia,Queensnake,Non Venomous,37.126,-82.6071
Virginia,Northern Brownsnake,Non Venomous,36.5759,-77.9839
Virginia,Northern Red-bellied Snake,Non Venomous,36.5815,-80.6688
Virginia,Southeastern Crowned Snake,Non Venomous,36.9342,-80.7255
Virginia,Common Ribbonsnake,Non Venomous,36.7009,-79.9424
Virginia,Eastern Gartersnake,Non Venomous,37.0954,-79.3029
Virginia,Rough Earthsnake,Non Venomous,37.7985,-79.7903
Virginia,Mountain Earthsnake,Non Venomous,37.034,-77.0956
Virginia,Eastern Smooth Earthsnake,Non Venomous,37.899,-75.5527
Virginia,Eastern Cottonmouth,Venomous,38.7872,-77.1085
Virginia,Northern Copperhead,Venomous,36.7588,-78.7914
Virginia,Timber Rattlesnake,Venomous,37.257,-76.0093
Washington,California Mountain Kingsnake,Non Venomous,46.7026,-120.756
Washington,Common Garter Snake,Non Venomous,47.5126,-122.5298
Washington,Gopher Snake Pituophis catenifer,Non Venomous,48.9938,-118.5068
Washington,Night Snake,Non Venomous,46.3807,-120.3125
Washington,Northwestern Garter Snake,Non Venomous,48.0677,-123.1276
Washington,Racer,Non Venomous,48.7461,-122.4064
Washington,Ringneck Snake,Non Venomous,46.5923,-120.5496
Washington,Sharptail Snake,Non Venomous,46.5638,-120.3968
Washington,Striped Whipsnake,Non Venomous,47.8114,-122.3533
Washington,Western Terrestrial Garter Snake,Non Venomous,46.0171,-122.8393
Washington,Rubber Boa,Non Venomous,48.9974,-118.2248
Washington,Western Rattlesnake,Venomous,47.4122,-122.4726
West Viriginia,Queen Snake,Non Venomous,37.9392,-81.1527
West Viriginia,Common Watersnake,Non Venomous,38.1317,-81.6102
West Viriginia,Northern Brownsnake,Non Venomous,39.3862,-79.1556
West Viriginia,Northern Red-bellied Snake,Non Venomous,39.4072,-80.4911
West Viriginia,Common Ribbonsnake,Non Venomous,38.2183,-80.6889
West Viriginia,Eastern Gartersnake,Non Venomous,37.9252,-81.6177
West Viriginia,Eastern Smooth Earthsnake,Non Venomous,38.9204,-81.0934
West Viriginia,Eastern Hog-nosed Snake,Non Venomous,39.2067,-81.1544
West Viriginia,Eastern Wormsnake,Non Venomous,37.8675,-81.2046
West Viriginia,Northern Ring-necked Snake,Non Venomous,37.8136,-81.9915
West Viriginia,Northern Black Racer,Non Venomous,39.7175,-80.2146
West Viriginia,Northern Rough Greensnake,Non Venomous,38.8201,-81.7091
West Viriginia,Smooth Green Snake,Non Venomous,38.4859,-81.3503
West Viriginia,Red Corn Snake,Non Venomous,37.961,-81.0796
West Viriginia,Eastern Ratsnake,Non Venomous,38.3484,-81.6323
West Viriginia,Northern Pine Snake,Non Venomous,37.3534,-81.8012
West Viriginia,Eastern Kingsnake,Non Venomous,39.2666,-80.1286
West Viriginia,Eastern Milksnake,Non Venomous,37.8238,-82.0788
West Viriginia,Northern Copperhead,Venomous,38.1681,-81.2039
West Viriginia,Timber Rattlesnake,Venomous,38.4353,-82.1376
Wisconsin,Prairie Ringneck Snake,Non Venomous,46.4354,-91.06
Wisconsin,Northern Ringneck Snake,Non Venomous,43.0975,-88.4521
Wisconsin,Eastern Hognose Snake,Non Venomous,44.3328,-91.4172
Wisconsin,Smooth Green Snake,Non Venomous,44.2775,-87.8025
Wisconsin,Yellow-bellied or Blue Racer,Non Venomous,42.8803,-87.9009
Wisconsin,Black Rat Snake or Pilot Snake,Non Venomous,43.8862,-88.5012
Wisconsin,Western Fox Snake,Non Venomous,46.4104,-90.2695
Wisconsin,Bullsnake,Non Venomous,43.3847,-87.9439
Wisconsin,Eastern Milk Snake,Non Venomous,43.3116,-88.7231
Wisconsin,Butlers gartersnake,Non Venomous,44.1788,-89.2442
Wisconsin,Eastern Plains gartersnake,Non Venomous,43.5346,-89.997
Wisconsin,Northern Ribbon Snake,Non Venomous,42.9406,-90.9725
Wisconsin,Western Ribbon Snak,Non Venomous,42.5707,-88.1044
Wisconsin,Common gartersnake,Non Venomous,43.9491,-88.0942
Wisconsin,Brown Snake or DeKays Snake,Non Venomous,44.8921,-91.42
Wisconsin,Northern Redbelly Snake,Non Venomous,44.6425,-90.1048
Wisconsin,Queen Snake,Non Venomous,43.1487,-88.1227
Wisconsin,Northern Water Snake,Non Venomous,43.1622,-91.0254
Wisconsin,Timber Rattlesnake,Venomous,44.7426,-88.8224
Wisconsin,Eastern Massasauga Rattlesnake,Venomous,43.8527,-89.1305
Wyoming,Gophersnake,Non Venomous,42.0969,-104.9586
Wyoming,Milk Snake,Non Venomous,44.8733,-107.2625
Wyoming,The Rubber Boa,Non Venomous,42.8619,-106.4361
Wyoming,Plains Garter Snake,Non Venomous,43.3398,-109.2298
Wyoming,Common Garter Snake,Non Venomous,41.5842,-109.2801
Wyoming,Terrestrial Garter Snake,Non Venomous,42.9576,-109.9916
Wyoming,Eastern Racer,Non Venomous,43.5931,-110.8441
Wyoming,Smooth Greensnake,Non Venomous,43.1118,-108.6955
Wyoming,Black Hills Red-bellied Snake,Non Venomous,41.3275,-110.2975
Wyoming,Western Hog- nosed Snake,Non Venomous,42.9854,-111.0296
Wyoming,Intermountain Wandering Gartersnake,Non Venomous,42.7449,-106.3206
Wyoming,Plains Hognosed Snake,Non Venomous,43.4235,-110.7993
Wyoming,Prairie Rattlesnake,Venomous,43.1948,-110.4026
Wyoming,Midget Faded Rattlesnake,Venomous,43.5389,-109.6443
