Scientific NameÂ â–´,Fangs,Toxicity,RatingÂ ?,Snake,Region,Venomous  /Non-venomous
VirginiaÂ valeriae,rear-fanged,unclear toxicity,???,Eastern Smooth Earth Snake,Ohio,Non-Venomous
VirginiaÂ valeriae,rear-fanged,unclear toxicity,???,Eastern Smooth Earth Snake,Pennsylvania,Non-Venomous
TropidoclonionÂ lineatum,rear-fanged,unclear toxicity,???,Lined Snake,Arkansas,Non-Venomous
TropidoclonionÂ lineatum,rear-fanged,unclear toxicity,???,Lined Snake,Colorado,Non-Venomous
TropidoclonionÂ lineatum,rear-fanged,unclear toxicity,???,Lined Snake,Illinois,Non-Venomous
TropidoclonionÂ lineatum,rear-fanged,unclear toxicity,???,Lined Snake,Lowa,Non-Venomous
TropidoclonionÂ lineatum,rear-fanged,unclear toxicity,???,Lined Snake,Kansas,Non-Venomous
TropidoclonionÂ lineatum,rear-fanged,unclear toxicity,???,Lined Snake,Nebraska,Non-Venomous
TropidoclonionÂ lineatum,rear-fanged,unclear toxicity,???,Lined Snake,New Mexico,Non-Venomous
TropidoclonionÂ lineatum,rear-fanged,unclear toxicity,???,Lined Snake,South Dakota,Non-Venomous
TropidoclonionÂ lineatum,rear-fanged,unclear toxicity,???,Lined Snake,Texas,Non-Venomous
TrimorphodonÂ lambda,rear-fanged,venomous,ğŸ’€ğŸ’€,Sonoran Lyre Snake,New Mexico,Non-Venomous
TrimorphodonÂ lambda,rear-fanged,venomous,ğŸ’€ğŸ’€,Sonoran Lyre Snake,Utah,Non-Venomous
ThamnophisÂ sirtalis,rear-fanged,venomous,ğŸ’€ğŸ’€,Common Garter Snake,Arkansas,Non-Venomous
ThamnophisÂ sirtalis,rear-fanged,venomous,ğŸ’€ğŸ’€,Common Garter Snake,Florida,Non-Venomous
ThamnophisÂ sirtalis,rear-fanged,venomous,ğŸ’€ğŸ’€,Common Garter Snake,Kansas,Non-Venomous
ThamnophisÂ sirtalis,rear-fanged,venomous,ğŸ’€ğŸ’€,Common Garter Snake,Louisiana,Non-Venomous
ThamnophisÂ sirtalis,rear-fanged,venomous,ğŸ’€ğŸ’€,Common Garter Snake,Massachusetts,Non-Venomous
ThamnophisÂ sirtalis,rear-fanged,venomous,ğŸ’€ğŸ’€,Common Garter Snake,Michigan,Non-Venomous
ThamnophisÂ sirtalis,rear-fanged,venomous,ğŸ’€ğŸ’€,Common Garter Snake,Mississippi,Non-Venomous
ThamnophisÂ sirtalis,rear-fanged,venomous,ğŸ’€ğŸ’€,Common Garter Snake,Montana,Non-Venomous
ThamnophisÂ sirtalis,rear-fanged,venomous,ğŸ’€ğŸ’€,Common Garter Snake,North Dakota,Non-Venomous
ThamnophisÂ sirtalis,rear-fanged,venomous,ğŸ’€ğŸ’€,Common Garter Snake,Oregon,Non-Venomous
ThamnophisÂ sirtalis,rear-fanged,venomous,ğŸ’€ğŸ’€,Common Garter Snake,South Dakota,Non-Venomous
ThamnophisÂ sirtalis,rear-fanged,venomous,ğŸ’€ğŸ’€,Common Garter Snake,Washington,Non-Venomous
ThamnophisÂ sirtalis,rear-fanged,venomous,ğŸ’€ğŸ’€,Common Garter Snake,Wyoming,Non-Venomous
ThamnophisÂ saurita,rear-fanged,venomous,?ğŸ’€?,Eastern ribbon snake,Alabama,Non-Venomous
ThamnophisÂ saurita,rear-fanged,venomous,?ğŸ’€?,Eastern ribbon snake,Delaware,Non-Venomous
ThamnophisÂ saurita,rear-fanged,venomous,?ğŸ’€?,Eastern ribbon snake,New Jersey,Non-Venomous
ThamnophisÂ saurita,rear-fanged,venomous,?ğŸ’€?,Eastern ribbon snake,South Carolina,Non-Venomous
ThamnophisÂ radix,rear-fanged,venomous,?ğŸ’€?,Plains Gartersnake,Illinois,Non-Venomous
ThamnophisÂ radix,rear-fanged,venomous,?ğŸ’€?,Plains Gartersnake,Indiana,Non-Venomous
ThamnophisÂ radix,rear-fanged,venomous,?ğŸ’€?,Plains Gartersnake,Texas,Non-Venomous
ThamnophisÂ proximus,rear-fanged,venomous,?ğŸ’€?,Western Ribbon Snake,Arkansas,Non-Venomous
ThamnophisÂ proximus,rear-fanged,venomous,?ğŸ’€?,Western Ribbon Snake,Lowa,Non-Venomous
ThamnophisÂ proximus,rear-fanged,venomous,?ğŸ’€?,Western Ribbon Snake,Kansas,Non-Venomous
ThamnophisÂ proximus,rear-fanged,venomous,?ğŸ’€?,Western Ribbon Snake,Louisiana,Non-Venomous
ThamnophisÂ proximus,rear-fanged,venomous,?ğŸ’€?,Western Ribbon Snake,Louisiana,Non-Venomous
ThamnophisÂ proximus,rear-fanged,venomous,?ğŸ’€?,Western Ribbon Snake,Missouri,Non-Venomous
ThamnophisÂ proximus,rear-fanged,venomous,?ğŸ’€?,Western Ribbon Snake,Nebraska,Non-Venomous
ThamnophisÂ ordinoides,rear-fanged,venomous,?ğŸ’€?,Northwestern Garter Snake,Oregon,Non-Venomous
ThamnophisÂ ordinoides,rear-fanged,venomous,?ğŸ’€?,Northwestern Garter Snake,Washington,Non-Venomous
ThamnophisÂ marcianus,rear-fanged,venomous,?ğŸ’€?,Checkered Garter Snake,Arizona,Non-Venomous
ThamnophisÂ marcianus,rear-fanged,venomous,?ğŸ’€?,Checkered Garter Snake,Kansas,Non-Venomous
ThamnophisÂ elegans,rear-fanged,venomous,ğŸ’€ğŸ’€,Western Terrestrial Garter Snake,Oregon,Non-Venomous
ThamnophisÂ elegans,rear-fanged,venomous,ğŸ’€ğŸ’€,Western Terrestrial Garter Snake,Washington,Non-Venomous
ThamnophisÂ brachystoma,rear-fanged,venomous,?ğŸ’€?,Shorthead Garter Snake,Ohio,Non-Venomous
ThamnophisÂ brachystoma,rear-fanged,venomous,?ğŸ’€?,Shorthead Garter Snake,Pennsylvania,Non-Venomous
ThamnophisÂ atratus,rear-fanged,venomous,?ğŸ’€?,Santa Cruz Garter Snake,Oregon,Non-Venomous
TantillaÂ nigriceps,rear-fanged,venomous,?ğŸ’€?,Plains Blackhead Snake,Kansas,Non-Venomous
TantillaÂ hobartsmithi,rear-fanged,venomous,?ğŸ’€?,Southwestern Blackhead Snake,Arizona,Venomous
TantillaÂ gracilis,rear-fanged,venomous,?ğŸ’€?,Flathead Snake,Arkansas,Non-Venomous
TantillaÂ gracilis,rear-fanged,venomous,?ğŸ’€?,Flathead Snake,Kansas,Non-Venomous
TantillaÂ coronata,rear-fanged,venomous,?ğŸ’€?,Southeastern Crowned Snake,Indiana,Non-Venomous
TantillaÂ coronata,rear-fanged,venomous,?ğŸ’€?,Southeastern Crowned Snake,Kentucky,Non-Venomous
TantillaÂ coronata,rear-fanged,venomous,?ğŸ’€?,Southeastern Crowned Snake,Louisiana,Non-Venomous
TantillaÂ coronata,rear-fanged,venomous,?ğŸ’€?,Southeastern Crowned Snake,Mississippi,Non-Venomous
TantillaÂ coronata,rear-fanged,venomous,?ğŸ’€?,Southeastern Crowned Snake,North Carolina,Non-Venomous
TantillaÂ coronata,rear-fanged,venomous,?ğŸ’€?,Southeastern Crowned Snake,Tennessee,Non-Venomous
TantillaÂ coronata,rear-fanged,venomous,?ğŸ’€?,Southeastern Crowned Snake,Virginia,Non-Venomous
StoreriaÂ occipitomaculata,rear-fanged,unclear toxicity,???,Redbelly Snake,Arkansas,Non-Venomous
StoreriaÂ occipitomaculata,rear-fanged,unclear toxicity,???,Redbelly Snake,California,Non-Venomous
StoreriaÂ occipitomaculata,rear-fanged,unclear toxicity,???,Redbelly Snake,Florida,Non-Venomous
StoreriaÂ occipitomaculata,rear-fanged,unclear toxicity,???,Redbelly Snake,Lowa,Non-Venomous
StoreriaÂ occipitomaculata,rear-fanged,unclear toxicity,???,Redbelly Snake,Massachusetts,Non-Venomous
StoreriaÂ occipitomaculata,rear-fanged,unclear toxicity,???,Redbelly Snake,Mississippi,Non-Venomous
StoreriaÂ occipitomaculata,rear-fanged,unclear toxicity,???,Redbelly Snake,North Carolina,Non-Venomous
StoreriaÂ occipitomaculata,rear-fanged,unclear toxicity,???,Redbelly Snake,North Dakota,Non-Venomous
StoreriaÂ occipitomaculata,rear-fanged,unclear toxicity,???,Redbelly Snake,South Carolina,Non-Venomous
StoreriaÂ occipitomaculata,rear-fanged,unclear toxicity,???,Redbelly Snake,South Dakota,Non-Venomous
SonoraÂ semiannulata,rear-fanged,unclear toxicity,???,Ground Snake,Arizona,Non-Venomous
SonoraÂ semiannulata,rear-fanged,unclear toxicity,???,Ground Snake,Arkansas,Non-Venomous
SonoraÂ semiannulata,rear-fanged,unclear toxicity,???,Ground Snake,Colorado,Non-Venomous
SonoraÂ semiannulata,rear-fanged,unclear toxicity,???,Ground Snake,Idaho,Non-Venomous
SonoraÂ semiannulata,rear-fanged,unclear toxicity,???,Ground Snake,Kansas,Non-Venomous
SonoraÂ semiannulata,rear-fanged,unclear toxicity,???,Ground Snake,Utah,Non-Venomous
RhadinaeaÂ flavilata,rear-fanged,unclear toxicity,???,Pine Woods Snake,Florida,Non-Venomous
RhadinaeaÂ flavilata,rear-fanged,unclear toxicity,???,Pine Woods Snake,Louisiana,Non-Venomous
RhadinaeaÂ flavilata,rear-fanged,unclear toxicity,???,Pine Woods Snake,Louisiana,Non-Venomous
RhadinaeaÂ flavilata,rear-fanged,unclear toxicity,???,Pine Woods Snake,Mississippi,Non-Venomous
RhadinaeaÂ flavilata,rear-fanged,unclear toxicity,???,Pine Woods Snake,North Carolina,Non-Venomous
RenaÂ dissecta,non-fanged,non-venomous,---,New Mexico Blind Snake,Kansas,Non-Venomous
RenaÂ dissecta,non-fanged,non-venomous,---,New Mexico Blind Snake,New Mexico,Non-Venomous
ReginaÂ septemvittata,rear-fanged,unclear toxicity,???,Queen Snake,Arkansas,Non-Venomous
ReginaÂ septemvittata,rear-fanged,unclear toxicity,???,Queen Snake,Florida,Non-Venomous
ReginaÂ septemvittata,rear-fanged,unclear toxicity,???,Queen Snake,Illinois,Non-Venomous
ReginaÂ septemvittata,rear-fanged,unclear toxicity,???,Queen Snake,Indiana,Non-Venomous
ReginaÂ septemvittata,rear-fanged,unclear toxicity,???,Queen Snake,Kentucky,Non-Venomous
ReginaÂ septemvittata,rear-fanged,unclear toxicity,???,Queen Snake,Michigan,Non-Venomous
ReginaÂ septemvittata,rear-fanged,unclear toxicity,???,Queen Snake,Mississippi,Non-Venomous
ReginaÂ septemvittata,rear-fanged,unclear toxicity,???,Queen Snake,New York,Non-Venomous
ReginaÂ septemvittata,rear-fanged,unclear toxicity,???,Queen Snake,North Carolina,Non-Venomous
ReginaÂ septemvittata,rear-fanged,unclear toxicity,???,Queen Snake,Ohio,Non-Venomous
ReginaÂ septemvittata,rear-fanged,unclear toxicity,???,Queen Snake,Pennsylvania,Non-Venomous
ReginaÂ septemvittata,rear-fanged,unclear toxicity,???,Queen Snake,West Viriginia,Non-Venomous
ReginaÂ septemvittata,rear-fanged,unclear toxicity,???,Queen Snake,Wisconsin,Non-Venomous
PituophisÂ ruthveni,rear-fanged,unclear toxicity,???,Louisiana Pine Snake,Louisiana,Non-Venomous
PituophisÂ catenifer,rear-fanged,unclear toxicity,???,Gopher Snake,California,Non-Venomous
PituophisÂ catenifer,rear-fanged,unclear toxicity,???,Gopher Snake,Kansas,Non-Venomous
PituophisÂ catenifer,rear-fanged,unclear toxicity,???,Gopher Snake,Mississippi,Non-Venomous
PituophisÂ catenifer,rear-fanged,unclear toxicity,???,Gopher Snake,Montana,Non-Venomous
PituophisÂ catenifer,rear-fanged,unclear toxicity,???,Gopher Snake,Nevada,Non-Venomous
PhyllorhynchusÂ decurtatus,rear-fanged,unclear toxicity,???,Spotted Leafnose Snake,Utah,Non-Venomous
PhyllorhynchusÂ browni,rear-fanged,unclear toxicity,???,Saddled Leafnose Snake,Arizona,Non-Venomous
PhilothamnusÂ hoplogaster,rear-fanged,unclear toxicity,???,Green Water Snake,Florida,Non-Venomous
PantherophisÂ vulpinus,rear-fanged,unclear toxicity,???,Eastern Fox Snake,Ohio,Non-Venomous
PantherophisÂ spiloides,rear-fanged,unclear toxicity,???,Gray Rat Snake,Louisiana,Non-Venomous
PantherophisÂ ramspotti,rear-fanged,unclear toxicity,???,Western Foxsnake,Illinois,Non-Venomous
PantherophisÂ ramspotti,rear-fanged,unclear toxicity,???,Western Foxsnake,Indiana,Non-Venomous
PantherophisÂ obsoletus,rear-fanged,unclear toxicity,???,Western Rat Snake,Arkansas,Non-Venomous
PantherophisÂ obsoletus,rear-fanged,unclear toxicity,???,Western Rat Snake,Kansas,Non-Venomous
PantherophisÂ obsoletus,rear-fanged,unclear toxicity,???,Western Rat Snake,Louisiana,Non-Venomous
PantherophisÂ emoryi,rear-fanged,unclear toxicity,???,Great Plains Rat Snake,Kansas,Non-Venomous
PantherophisÂ emoryi,rear-fanged,unclear toxicity,???,Great Plains Rat Snake,Missouri,Non-Venomous
PantherophisÂ emoryi,rear-fanged,unclear toxicity,???,Great Plains Rat Snake,New Mexico,Non-Venomous
OpheodrysÂ vernalis,rear-fanged,unclear toxicity,???,Smooth Green Snake,Lowa,Non-Venomous
OpheodrysÂ vernalis,rear-fanged,unclear toxicity,???,Smooth Green Snake,Massachusetts,Non-Venomous
OpheodrysÂ vernalis,rear-fanged,unclear toxicity,???,Smooth Green Snake,Michigan,Non-Venomous
OpheodrysÂ vernalis,rear-fanged,unclear toxicity,???,Smooth Green Snake,Missouri,Non-Venomous
OpheodrysÂ vernalis,rear-fanged,unclear toxicity,???,Smooth Green Snake,North Dakota,Non-Venomous
OpheodrysÂ vernalis,rear-fanged,unclear toxicity,???,Smooth Green Snake,Ohio,Non-Venomous
OpheodrysÂ vernalis,rear-fanged,unclear toxicity,???,Smooth Green Snake,Pennsylvania,Non-Venomous
OpheodrysÂ vernalis,rear-fanged,unclear toxicity,???,Smooth Green Snake,South Dakota,Non-Venomous
OpheodrysÂ vernalis,rear-fanged,unclear toxicity,???,Smooth Green Snake,Utah,Non-Venomous
OpheodrysÂ vernalis,rear-fanged,unclear toxicity,???,Smooth Green Snake,West Viriginia,Non-Venomous
OpheodrysÂ vernalis,rear-fanged,unclear toxicity,???,Smooth Green Snake,Wisconsin,Non-Venomous
NerodiaÂ sipedon,rear-fanged,unclear toxicity,???,Northern Water Snake,Lowa,Non-Venomous
NerodiaÂ sipedon,rear-fanged,unclear toxicity,???,Northern Water Snake,Kansas,Non-Venomous
NerodiaÂ sipedon,rear-fanged,unclear toxicity,???,Northern Water Snake,Massachusetts,Non-Venomous
NerodiaÂ sipedon,rear-fanged,unclear toxicity,???,Northern Water Snake,Michigan,Non-Venomous
NerodiaÂ sipedon,rear-fanged,unclear toxicity,???,Northern Water Snake,Mississippi,Non-Venomous
NerodiaÂ sipedon,rear-fanged,unclear toxicity,???,Northern Water Snake,Missouri,Non-Venomous
NerodiaÂ sipedon,rear-fanged,unclear toxicity,???,Northern Water Snake,New York,Non-Venomous
NerodiaÂ sipedon,rear-fanged,unclear toxicity,???,Northern Water Snake,North Carolina,Non-Venomous
NerodiaÂ sipedon,rear-fanged,unclear toxicity,???,Northern Water Snake,Ohio,Non-Venomous
NerodiaÂ sipedon,rear-fanged,unclear toxicity,???,Northern Water Snake,Pennsylvania,Non-Venomous
NerodiaÂ sipedon,rear-fanged,unclear toxicity,???,Northern Water Snake,Rhode Island,Non-Venomous
NerodiaÂ sipedon,rear-fanged,unclear toxicity,???,Northern Water Snake,Wisconsin,Non-Venomous
NerodiaÂ rhombifer,rear-fanged,unclear toxicity,???,Diamondback Water Snake,Arkansas,Non-Venomous
NerodiaÂ rhombifer,rear-fanged,unclear toxicity,???,Diamondback Water Snake,Kansas,Non-Venomous
NerodiaÂ rhombifer,rear-fanged,unclear toxicity,???,Diamondback Water Snake,Kentucky,Non-Venomous
NerodiaÂ erythrogaster,rear-fanged,unclear toxicity,???,Plainbelly Water Snake,Arkansas,Non-Venomous
NerodiaÂ erythrogaster,rear-fanged,unclear toxicity,???,Plainbelly Water Snake,Florida,Non-Venomous
NerodiaÂ erythrogaster,rear-fanged,unclear toxicity,???,Plainbelly Water Snake,Kansas,Non-Venomous
NerodiaÂ erythrogaster,rear-fanged,unclear toxicity,???,Plainbelly Water Snake,Mississippi,Non-Venomous
NerodiaÂ cyclopion,rear-fanged,unclear toxicity,???,Mississippi green water snake,Alabama,Non-Venomous
NerodiaÂ clarkii,rear-fanged,unclear toxicity,???,Salt Marsh Snake,Florida,Non-Venomous
NerodiaÂ clarkii,rear-fanged,unclear toxicity,???,Salt Marsh Snake,Louisiana,Non-Venomous
MicrurusÂ fulvius,front-fanged,venomous,ğŸ’€ğŸ’€ğŸ’€ğŸ’€,Eastern coral snake,California,Venomous
MicrurusÂ fulvius,front-fanged,venomous,ğŸ’€ğŸ’€ğŸ’€ğŸ’€,Eastern coral snake,South Carolina,Venomous
MasticophisÂ flagellum,rear-fanged,unclear toxicity,???,Coachwhip,Colorado,Non-Venomous
MasticophisÂ flagellum,rear-fanged,unclear toxicity,???,Coachwhip,Florida,Non-Venomous
MasticophisÂ flagellum,rear-fanged,unclear toxicity,???,Coachwhip,Illinois,Non-Venomous
MasticophisÂ flagellum,rear-fanged,unclear toxicity,???,Coachwhip,Kansas,Non-Venomous
MasticophisÂ flagellum,rear-fanged,unclear toxicity,???,Coachwhip,Louisiana,Non-Venomous
MasticophisÂ flagellum,rear-fanged,unclear toxicity,???,Coachwhip,Mississippi,Non-Venomous
MasticophisÂ flagellum,rear-fanged,unclear toxicity,???,Coachwhip,Nevada,Non-Venomous
MasticophisÂ flagellum,rear-fanged,unclear toxicity,???,Coachwhip,North Carolina,Non-Venomous
MasticophisÂ flagellum,rear-fanged,unclear toxicity,???,Coachwhip,Tennessee,Non-Venomous
MasticophisÂ flagellum,rear-fanged,unclear toxicity,???,Coachwhip,Texas,Non-Venomous
MagliophisÂ exiguum,rear-fanged,unclear toxicity,???,Ground Snake,Arizona,Non-Venomous
MagliophisÂ exiguum,rear-fanged,unclear toxicity,???,Ground Snake,Arkansas,Non-Venomous
MagliophisÂ exiguum,rear-fanged,unclear toxicity,???,Ground Snake,Colorado,Non-Venomous
MagliophisÂ exiguum,rear-fanged,unclear toxicity,???,Ground Snake,Idaho,Non-Venomous
MagliophisÂ exiguum,rear-fanged,unclear toxicity,???,Ground Snake,Kansas,Non-Venomous
MagliophisÂ exiguum,rear-fanged,unclear toxicity,???,Ground Snake,Utah,Non-Venomous
LiodytesÂ rigida,rear-fanged,unclear toxicity,???,Glossy Crayfish Snake,Florida,Non-Venomous
LiodytesÂ rigida,rear-fanged,unclear toxicity,???,Glossy Crayfish Snake,Louisiana,Non-Venomous
LiodytesÂ rigida,rear-fanged,unclear toxicity,???,Glossy Crayfish Snake,Mississippi,Non-Venomous
LiodytesÂ rigida,rear-fanged,unclear toxicity,???,Glossy Crayfish Snake,Texas,Non-Venomous
LiodytesÂ rigida,rear-fanged,unclear toxicity,???,Glossy Crayfish Snake,Virginia,Non-Venomous
LiodytesÂ alleni,rear-fanged,unclear toxicity,???,Striped Crayfish Snake,Florida,Non-Venomous
LampropeltisÂ zonata,rear-fanged,unclear toxicity,???,California Mountain Kingsnake,Oregon,Non-Venomous
LampropeltisÂ zonata,rear-fanged,unclear toxicity,???,California Mountain Kingsnake,Washington,Non-Venomous
LampropeltisÂ splendida,rear-fanged,unclear toxicity,???,Desert Kingsnake,Arizona,Non-Venomous
LampropeltisÂ splendida,rear-fanged,unclear toxicity,???,Desert Kingsnake,New Mexico,Non-Venomous
LampropeltisÂ pyromelana,rear-fanged,unclear toxicity,???,Sonoran Mountain Kingsnake,Nevada,Non-Venomous
LampropeltisÂ nigra,rear-fanged,unclear toxicity,???,Black Kingsnake,Indiana,Non-Venomous
LampropeltisÂ nigra,rear-fanged,unclear toxicity,???,Black Kingsnake,Ohio,Non-Venomous
LampropeltisÂ holbrooki,rear-fanged,unclear toxicity,???,Speckled Kingsnake,Arkansas,Non-Venomous
LampropeltisÂ holbrooki,rear-fanged,unclear toxicity,???,Speckled Kingsnake,Missouri,Non-Venomous
LampropeltisÂ getula,rear-fanged,unclear toxicity,???,Common Kingsnake,Arizona,Non-Venomous
LampropeltisÂ getula,rear-fanged,unclear toxicity,???,Common Kingsnake,Colorado,Non-Venomous
LampropeltisÂ getula,rear-fanged,unclear toxicity,???,Common Kingsnake,Florida,Non-Venomous
LampropeltisÂ getula,rear-fanged,unclear toxicity,???,Common Kingsnake,Illinois,Non-Venomous
LampropeltisÂ getula,rear-fanged,unclear toxicity,???,Common Kingsnake,Lowa,Non-Venomous
LampropeltisÂ getula,rear-fanged,unclear toxicity,???,Common Kingsnake,Kansas,Non-Venomous
LampropeltisÂ getula,rear-fanged,unclear toxicity,???,Common Kingsnake,Mississippi,Non-Venomous
LampropeltisÂ getula,rear-fanged,unclear toxicity,???,Common Kingsnake,Nevada,Non-Venomous
LampropeltisÂ getula,rear-fanged,unclear toxicity,???,Common Kingsnake,Oregon,Non-Venomous
LampropeltisÂ getula,rear-fanged,unclear toxicity,???,Common Kingsnake,Tennessee,Non-Venomous
LampropeltisÂ getula,rear-fanged,unclear toxicity,???,Common Kingsnake,Texas,Non-Venomous
LampropeltisÂ calligaster,rear-fanged,unclear toxicity,???,Prairie Kingsnake,Arkansas,Non-Venomous
LampropeltisÂ calligaster,rear-fanged,unclear toxicity,???,Prairie Kingsnake,Illinois,Non-Venomous
LampropeltisÂ calligaster,rear-fanged,unclear toxicity,???,Prairie Kingsnake,Indiana,Non-Venomous
LampropeltisÂ calligaster,rear-fanged,unclear toxicity,???,Prairie Kingsnake,Lowa,Non-Venomous
LampropeltisÂ calligaster,rear-fanged,unclear toxicity,???,Prairie Kingsnake,Kansas,Non-Venomous
LampropeltisÂ calligaster,rear-fanged,unclear toxicity,???,Prairie Kingsnake,Louisiana,Non-Venomous
LampropeltisÂ calligaster,rear-fanged,unclear toxicity,???,Prairie Kingsnake,Mississippi,Non-Venomous
LampropeltisÂ calligaster,rear-fanged,unclear toxicity,???,Prairie Kingsnake,Texas,Non-Venomous
LampropeltisÂ californiae,rear-fanged,unclear toxicity,???,California Kingsnake,California,Non-Venomous
LampropeltisÂ californiae,rear-fanged,unclear toxicity,???,California Kingsnake,Nevada,Non-Venomous
LampropeltisÂ californiae,rear-fanged,unclear toxicity,???,California Kingsnake,New Mexico,Non-Venomous
LampropeltisÂ californiae,rear-fanged,unclear toxicity,???,California Kingsnake,Utah,Non-Venomous
HeterodonÂ simus,rear-fanged,unclear toxicity,???,Southern Hognose Snake,Florida,Non-Venomous
HeterodonÂ simus,rear-fanged,unclear toxicity,???,Southern Hognose Snake,Mississippi,Non-Venomous
HeterodonÂ simus,rear-fanged,unclear toxicity,???,Southern Hognose Snake,North Carolina,Non-Venomous
HeterodonÂ platirhinos,rear-fanged,venomous,ğŸ’€ğŸ’€,Eastern Hognose Snake,Arkansas,Non-Venomous
HeterodonÂ platirhinos,rear-fanged,venomous,ğŸ’€ğŸ’€,Eastern Hognose Snake,Florida,Non-Venomous
HeterodonÂ platirhinos,rear-fanged,venomous,ğŸ’€ğŸ’€,Eastern Hognose Snake,Indiana,Non-Venomous
HeterodonÂ platirhinos,rear-fanged,venomous,ğŸ’€ğŸ’€,Eastern Hognose Snake,Lowa,Non-Venomous
HeterodonÂ platirhinos,rear-fanged,venomous,ğŸ’€ğŸ’€,Eastern Hognose Snake,Kansas,Non-Venomous
HeterodonÂ platirhinos,rear-fanged,venomous,ğŸ’€ğŸ’€,Eastern Hognose Snake,Massachusetts,Non-Venomous
HeterodonÂ platirhinos,rear-fanged,venomous,ğŸ’€ğŸ’€,Eastern Hognose Snake,Mississippi,Non-Venomous
HeterodonÂ platirhinos,rear-fanged,venomous,ğŸ’€ğŸ’€,Eastern Hognose Snake,New York,Non-Venomous
HeterodonÂ platirhinos,rear-fanged,venomous,ğŸ’€ğŸ’€,Eastern Hognose Snake,North Carolina,Non-Venomous
HeterodonÂ platirhinos,rear-fanged,venomous,ğŸ’€ğŸ’€,Eastern Hognose Snake,Ohio,Non-Venomous
HeterodonÂ platirhinos,rear-fanged,venomous,ğŸ’€ğŸ’€,Eastern Hognose Snake,Pennsylvania,Non-Venomous
HeterodonÂ platirhinos,rear-fanged,venomous,ğŸ’€ğŸ’€,Eastern Hognose Snake,Rhode Island,Non-Venomous
HeterodonÂ platirhinos,rear-fanged,venomous,ğŸ’€ğŸ’€,Eastern Hognose Snake,South Dakota,Non-Venomous
HeterodonÂ platirhinos,rear-fanged,venomous,ğŸ’€ğŸ’€,Eastern Hognose Snake,Wisconsin,Non-Venomous
HeterodonÂ nasicus,rear-fanged,venomous,ğŸ’€ğŸ’€,Western Hognose Snake,Arizona,Non-Venomous
HeterodonÂ nasicus,rear-fanged,venomous,ğŸ’€ğŸ’€,Western Hognose Snake,Colorado,Non-Venomous
HeterodonÂ nasicus,rear-fanged,venomous,ğŸ’€ğŸ’€,Western Hognose Snake,Lowa,Non-Venomous
HeterodonÂ nasicus,rear-fanged,venomous,ğŸ’€ğŸ’€,Western Hognose Snake,Kansas,Non-Venomous
HeterodonÂ nasicus,rear-fanged,venomous,ğŸ’€ğŸ’€,Western Hognose Snake,North Dakota,Non-Venomous
HaldeaÂ striatula,rear-fanged,unclear toxicity,???,Rough Earth Snake,Arkansas,Non-Venomous
HaldeaÂ striatula,rear-fanged,unclear toxicity,???,Rough Earth Snake,Florida,Non-Venomous
HaldeaÂ striatula,rear-fanged,unclear toxicity,???,Rough Earth Snake,Kansas,Non-Venomous
HaldeaÂ striatula,rear-fanged,unclear toxicity,???,Rough Earth Snake,Louisiana,Non-Venomous
HaldeaÂ striatula,rear-fanged,unclear toxicity,???,Rough Earth Snake,Mississippi,Non-Venomous
HaldeaÂ striatula,rear-fanged,unclear toxicity,???,Rough Earth Snake,Missouri,Non-Venomous
HaldeaÂ striatula,rear-fanged,unclear toxicity,???,Rough Earth Snake,North Carolina,Non-Venomous
FaranciaÂ erytrogramma,rear-fanged,unclear toxicity,???,Rainbow Snake,California,Non-Venomous
FaranciaÂ erytrogramma,rear-fanged,unclear toxicity,???,Rainbow Snake,Florida,Non-Venomous
FaranciaÂ erytrogramma,rear-fanged,unclear toxicity,???,Rainbow Snake,Louisiana,Non-Venomous
FaranciaÂ erytrogramma,rear-fanged,unclear toxicity,???,Rainbow Snake,Mississippi,Non-Venomous
FaranciaÂ erytrogramma,rear-fanged,unclear toxicity,???,Rainbow Snake,North Carolina,Non-Venomous
FaranciaÂ erytrogramma,rear-fanged,unclear toxicity,???,Rainbow Snake,South Carolina,Non-Venomous
DrymarchonÂ couperi,rear-fanged,unclear toxicity,???,Gopher Snake,California,Non-Venomous
DrymarchonÂ couperi,rear-fanged,unclear toxicity,???,Gopher Snake,Kansas,Non-Venomous
DrymarchonÂ couperi,rear-fanged,unclear toxicity,???,Gopher Snake,Mississippi,Non-Venomous
DrymarchonÂ couperi,rear-fanged,unclear toxicity,???,Gopher Snake,Montana,Non-Venomous
DrymarchonÂ couperi,rear-fanged,unclear toxicity,???,Gopher Snake,Nevada,Non-Venomous
DiadophisÂ punctatus,rear-fanged,venomous,ğŸ’€ğŸ’€,Ringneck Snake,Arkansas,Non-Venomous
DiadophisÂ punctatus,rear-fanged,venomous,ğŸ’€ğŸ’€,Ringneck Snake,Florida,Non-Venomous
DiadophisÂ punctatus,rear-fanged,venomous,ğŸ’€ğŸ’€,Ringneck Snake,Idaho,Venomous
DiadophisÂ punctatus,rear-fanged,venomous,ğŸ’€ğŸ’€,Ringneck Snake,Indiana,Non-Venomous
DiadophisÂ punctatus,rear-fanged,venomous,ğŸ’€ğŸ’€,Ringneck Snake,Kansas,Non-Venomous
DiadophisÂ punctatus,rear-fanged,venomous,ğŸ’€ğŸ’€,Ringneck Snake,Kentucky,Non-Venomous
DiadophisÂ punctatus,rear-fanged,venomous,ğŸ’€ğŸ’€,Ringneck Snake,Massachusetts,Non-Venomous
DiadophisÂ punctatus,rear-fanged,venomous,ğŸ’€ğŸ’€,Ringneck Snake,Mississippi,Non-Venomous
DiadophisÂ punctatus,rear-fanged,venomous,ğŸ’€ğŸ’€,Ringneck Snake,Nevada,Non-Venomous
DiadophisÂ punctatus,rear-fanged,venomous,ğŸ’€ğŸ’€,Ringneck Snake,North Carolina,Non-Venomous
DiadophisÂ punctatus,rear-fanged,venomous,ğŸ’€ğŸ’€,Ringneck Snake,Oregon,Non-Venomous
DiadophisÂ punctatus,rear-fanged,venomous,ğŸ’€ğŸ’€,Ringneck Snake,Washington,Non-Venomous
CrotalusÂ viridis,front-fanged,venomous,ğŸ’€ğŸ’€ğŸ’€ğŸ’€,Prairie rattlesnake,Oklahoma,Venomous
CrotalusÂ stephensi,front-fanged,venomous,ğŸ’€ğŸ’€ğŸ’€ğŸ’€,Panamint Rattlesnake,Nevada,Venomous
CrotalusÂ horridus,front-fanged,venomous,ğŸ’€ğŸ’€ğŸ’€ğŸ’€,Timber rattlesnake,California,Venomous
CrotalusÂ horridus,front-fanged,venomous,ğŸ’€ğŸ’€ğŸ’€ğŸ’€,Timber rattlesnake,Nebraska,Venomous
CrotalusÂ horridus,front-fanged,venomous,ğŸ’€ğŸ’€ğŸ’€ğŸ’€,Timber rattlesnake,New Jersey,Venomous
CrotalusÂ horridus,front-fanged,venomous,ğŸ’€ğŸ’€ğŸ’€ğŸ’€,Timber rattlesnake,Oklahoma,Venomous
CrotalusÂ horridus,front-fanged,venomous,ğŸ’€ğŸ’€ğŸ’€ğŸ’€,Timber rattlesnake,South Carolina,Venomous
CrotalusÂ atrox,front-fanged,venomous,ğŸ’€ğŸ’€ğŸ’€ğŸ’€,Western diamondback rattlesnake,Nevada,Venomous
CrotalusÂ adamanteus,front-fanged,venomous,ğŸ’€ğŸ’€ğŸ’€ğŸ’€,Eastern Diamondback Rattlesnake,Alabama,venomous
CrotalusÂ adamanteus,front-fanged,venomous,ğŸ’€ğŸ’€ğŸ’€ğŸ’€,Eastern Diamondback Rattlesnake,Florida,Venomous
CrotalusÂ adamanteus,front-fanged,venomous,ğŸ’€ğŸ’€ğŸ’€ğŸ’€,Eastern Diamondback Rattlesnake,Georgia,Venomous
CrotalusÂ adamanteus,front-fanged,venomous,ğŸ’€ğŸ’€ğŸ’€ğŸ’€,Eastern Diamondback Rattlesnake,Louisiana,Venomous
CrotalusÂ adamanteus,front-fanged,venomous,ğŸ’€ğŸ’€ğŸ’€ğŸ’€,Eastern Diamondback Rattlesnake,Mississippi,Venomous
CrotalusÂ adamanteus,front-fanged,venomous,ğŸ’€ğŸ’€ğŸ’€ğŸ’€,Eastern Diamondback Rattlesnake,North Carolina,Venomous
ContiaÂ tenuis,rear-fanged,unclear toxicity,???,Sharptail Snake,Oregon,Non-Venomous
ContiaÂ tenuis,rear-fanged,unclear toxicity,???,Sharptail Snake,Washington,Non-Venomous
ColuberÂ constrictor,rear-fanged,unclear toxicity,???,Eastern Racer,Arkansas,Non-Venomous
ColuberÂ constrictor,rear-fanged,unclear toxicity,???,Eastern Racer,Florida,Non-Venomous
ColuberÂ constrictor,rear-fanged,unclear toxicity,???,Eastern Racer,Idaho,Non-Venomous
ColuberÂ constrictor,rear-fanged,unclear toxicity,???,Eastern Racer,Illinois,Non-Venomous
ColuberÂ constrictor,rear-fanged,unclear toxicity,???,Eastern Racer,Indiana,Non-Venomous
ColuberÂ constrictor,rear-fanged,unclear toxicity,???,Eastern Racer,Kansas,Non-Venomous
ColuberÂ constrictor,rear-fanged,unclear toxicity,???,Eastern Racer,Montana,Non-Venomous
ColuberÂ constrictor,rear-fanged,unclear toxicity,???,Eastern Racer,Texas,Non-Venomous
ColuberÂ constrictor,rear-fanged,unclear toxicity,???,Eastern Racer,Wyoming,Non-Venomous
CharinaÂ umbratica,non-fanged,non-venomous,---,Southern Rubber Boa,California,Non-Venomous
CemophoraÂ coccinea,rear-fanged,unclear toxicity,???,Scarlet Snake,Florida,Non-Venomous
CemophoraÂ coccinea,rear-fanged,unclear toxicity,???,Scarlet Snake,Louisiana,Non-Venomous
CemophoraÂ coccinea,rear-fanged,unclear toxicity,???,Scarlet Snake,Mississippi,Non-Venomous
CemophoraÂ coccinea,rear-fanged,unclear toxicity,???,Scarlet Snake,North Carolina,Non-Venomous
CarphophisÂ vermis,rear-fanged,unclear toxicity,???,Western Worm Snake,Arkansas,Non-Venomous
CarphophisÂ vermis,rear-fanged,unclear toxicity,???,Western Worm Snake,Lowa,Non-Venomous
CarphophisÂ vermis,rear-fanged,unclear toxicity,???,Western Worm Snake,Kansas,Non-Venomous
CarphophisÂ vermis,rear-fanged,unclear toxicity,???,Western Worm Snake,Louisiana,Non-Venomous
CarphophisÂ vermis,rear-fanged,unclear toxicity,???,Western Worm Snake,Mississippi,Non-Venomous
CarphophisÂ vermis,rear-fanged,unclear toxicity,???,Western Worm Snake,Missouri,Non-Venomous
CarphophisÂ vermis,rear-fanged,unclear toxicity,???,Western Worm Snake,Nebraska,Non-Venomous
CarphophisÂ amoenus,rear-fanged,unclear toxicity,???,Eastern Wormsnake,Connecticut,Non-Venomous
CarphophisÂ amoenus,rear-fanged,unclear toxicity,???,Eastern Wormsnake,Illinois,Non-Venomous
CarphophisÂ amoenus,rear-fanged,unclear toxicity,???,Eastern Wormsnake,Indiana,Non-Venomous
CarphophisÂ amoenus,rear-fanged,unclear toxicity,???,Eastern Wormsnake,Tennessee,Non-Venomous
CarphophisÂ amoenus,rear-fanged,unclear toxicity,???,Eastern Wormsnake,Virginia,Non-Venomous
CarphophisÂ amoenus,rear-fanged,unclear toxicity,???,Eastern Wormsnake,West Viriginia,Non-Venomous
AtractusÂ occidentalis,rear-fanged,unclear toxicity,???,Western Ground Snake,Oregon,Non-Venomous
ArizonaÂ elegans,rear-fanged,unclear toxicity,???,Glossy Snake,Arizona,Non-Venomous
ArizonaÂ elegans,rear-fanged,unclear toxicity,???,Glossy Snake,Colorado,Non-Venomous
ArizonaÂ elegans,rear-fanged,unclear toxicity,???,Glossy Snake,Nevada,Non-Venomous
ArizonaÂ elegans,rear-fanged,unclear toxicity,???,Glossy Snake,Texas,Non-Venomous
AntillotyphlopsÂ richardi,non-fanged,non-venomous,---,Ground Snake,Arizona,Non-Venomous
AntillotyphlopsÂ richardi,non-fanged,non-venomous,---,Ground Snake,Arkansas,Non-Venomous
AntillotyphlopsÂ richardi,non-fanged,non-venomous,---,Ground Snake,Colorado,Non-Venomous
AntillotyphlopsÂ richardi,non-fanged,non-venomous,---,Ground Snake,Idaho,Non-Venomous
AntillotyphlopsÂ richardi,non-fanged,non-venomous,---,Ground Snake,Kansas,Non-Venomous
AntillotyphlopsÂ richardi,non-fanged,non-venomous,---,Ground Snake,Utah,Non-Venomous
AgkistrodonÂ piscivorus,front-fanged,venomous,ğŸ’€ğŸ’€ğŸ’€ğŸ’€,Cottonmouth,Indiana,Venomous
AgkistrodonÂ piscivorus,front-fanged,venomous,ğŸ’€ğŸ’€ğŸ’€ğŸ’€,Cottonmouth,Kansas,Venomous
AgkistrodonÂ piscivorus,front-fanged,venomous,ğŸ’€ğŸ’€ğŸ’€ğŸ’€,Cottonmouth,Louisiana,Venomous
AgkistrodonÂ piscivorus,front-fanged,venomous,ğŸ’€ğŸ’€ğŸ’€ğŸ’€,Cottonmouth,Mississippi,Venomous
AgkistrodonÂ piscivorus,front-fanged,venomous,ğŸ’€ğŸ’€ğŸ’€ğŸ’€,Cottonmouth,Texas,Venomous
AgkistrodonÂ contortrix,front-fanged,venomous,ğŸ’€ğŸ’€ğŸ’€,Copperhead,Connecticut,Venomous
AgkistrodonÂ contortrix,front-fanged,venomous,ğŸ’€ğŸ’€ğŸ’€,Copperhead,Indiana,Venomous
AgkistrodonÂ contortrix,front-fanged,venomous,ğŸ’€ğŸ’€ğŸ’€,Copperhead,Kansas,Venomous
AgkistrodonÂ contortrix,front-fanged,venomous,ğŸ’€ğŸ’€ğŸ’€,Copperhead,Louisiana,Venomous
AgkistrodonÂ contortrix,front-fanged,venomous,ğŸ’€ğŸ’€ğŸ’€,Copperhead,Massachusetts,Venomous
AgkistrodonÂ contortrix,front-fanged,venomous,ğŸ’€ğŸ’€ğŸ’€,Copperhead,Mississippi,Venomous
AgkistrodonÂ contortrix,front-fanged,venomous,ğŸ’€ğŸ’€ğŸ’€,Copperhead,Nebraska,Venomous
AgkistrodonÂ contortrix,front-fanged,venomous,ğŸ’€ğŸ’€ğŸ’€,Copperhead,Pennsylvania,Venomous
AgkistrodonÂ contortrix,front-fanged,venomous,ğŸ’€ğŸ’€ğŸ’€,Copperhead,Tennessee,Venomous
AgkistrodonÂ contortrix,front-fanged,venomous,ğŸ’€ğŸ’€ğŸ’€,Copperhead,Texas,Venomous
AgkistrodonÂ conanti,front-fanged,venomous,ğŸ’€ğŸ’€ğŸ’€,Florida Cottonmouth,Alabama,venomous
AgkistrodonÂ conanti,front-fanged,venomous,ğŸ’€ğŸ’€ğŸ’€,Florida Cottonmouth,Florida,Venomous
AgkistrodonÂ conanti,front-fanged,venomous,ğŸ’€ğŸ’€ğŸ’€,Florida Cottonmouth,Georgia,Venomous
